"","Protection","Base","Cap","Fusion","GP1/2","GP1/Core","GP1/Head","HR2","Mucin","Unknown","Neut_VSV","unNeutFrac","Neut_micro","Neut_dVP30","GP_EC50","sGP_EC50","human","mouse","IgG2a","IgG2b","IgG3","Human-IgG1","Mouse-IgG1","P1","P2","R1","R10","R11","R12","R2","R3","R4","R5","R6","R7","R8","R9","All","BDBV & RESTV","BDBV & SUDV","BDBV only","BDBV, SUDV, RESTV ","Marburg only","None","RESTV only","SUDV & RESTV","SUDV only","Polyfunctionality","huADCP","mADCP","CD107a","IFNg","MIP.1b","huADNP","mADNP","sGP_huADCP","sGP_huADNP","Total_G0","Total_G1","Total_G2","Total_Fucose","Total_Bisecting","Total_mono_SA","Total_SA","G0","G0F","G0FB","G1","G1.","G1F","G1F.","G1S1F","G1FB","G2F","G2FB","G2S1","G2S1F","G2S1B","G2S1FB","Escape Region: 10","Escape Region: 28","Escape Region: 48","Escape Region: Base","Escape Region: Cap","Escape Region: Fusion Loop","Escape Region: GP1 Core","Escape Region: Mucin","No Escape Mutants","Binding","No binding","Not done","Weak binding only","sGP.binderTRUE"
"1",0.5,0,1,0,0,0,0,0,0,0,0,0,0,0,1.38,0.61,1,0,0,0,0,1,0,0,0,0,0,0,0,0,0,1,0,0,0,0,0,0,0,0,0,0,0,1,0,0,0,6,43.32,73.93,33.39,32.1,56.48,154.45,40.68,274.7,57.57,85.06,4.34,10.6,12.86,2.51,8.44,8.44,83.41,1.62,0.03,0.12,1.24,0.02,0.01,2.73,0.23,4.8,0.08,1.1,2.44,1.27,0.9,0,0,0,0,0,0,0,0,1,0,0,1,0,1
"2",0,0,0,0,0,0,0,0,1,0,0,0,0,0,0.91,1000,1,0,0,0,0,1,0,0,0,0,0,0,0,0,0,0,0,1,0,0,0,0,0,0,0,0,0,1,0,0,0,6,25.58,66.5,40.54,39.1,74.28,126.64,35.44,162.02,46.01,72.1,17.31,10.59,56.49,1.31,11.21,11.21,40.39,31.35,0.36,0.43,0.61,2.53,10.23,3.26,0.26,2.58,0.06,1.64,5.69,0.44,0.18,0,0,0,0,0,0,0,0,1,0,0,1,0,0
"3",0.1,0,1,0,0,0,0,0,0,0,0,0,0.2,0,175.8,22.19,0,1,1,0,0,0,0,0,0,0,0,0,0,1,0,0,0,0,0,0,0,0,0,0,0,0,0,1,0,0,0,2,38.01,45.89,8.98,5.95,15.1,16.45,39.01,269.58,27.54,55.52,31.83,12.66,98.14,0.81,13.02,13.02,0.67,54.38,0.47,0.33,0.8,2.46,26.51,1.62,0.11,1.2,0.06,0.05,11.17,0.01,0.16,0,0,0,0,0,0,0,0,1,0,0,1,0,1
"4",0.2,0,0,0,0,0,0,0,1,0,0,0,0,0,0.68,1000,1,0,0,0,0,1,0,0,0,0,0,0,0,1,0,0,0,0,0,0,0,0,0,0,0,0,0,1,0,0,0,6,39.95,62.92,45.94,41.15,84.93,101.97,31.96,164.1,31.82,88.83,2.71,8.47,12.47,1.85,6.78,6.78,83.24,5.18,0.41,0.17,1.29,0.15,0.21,0.84,0.06,2.35,0.18,2.03,2.69,0.81,0.41,0,0,0,0,0,0,0,0,1,0,0,1,0,0
"5",0.3,0,1,0,0,0,0,0,0,0,0.987,0.7,0.62,0,44.24,7.45,0,1,1,0,0,0,0,0,0,1,0,0,0,0,0,0,0,0,0,0,0,0,0,0,0,0,0,1,0,0,0,2,51.91,44.98,9.53,6.37,16.39,19.28,32.63,214.98,31.26,66.79,18.57,14.64,97.03,2.05,17.02,17.02,0.21,66.12,0.47,0.45,1.05,1.43,11.76,3.75,0.13,1,0.37,0.23,11.96,1.03,0.05,0,0,0,0,0,0,0,0,1,0,0,1,0,1
"6",0.4,0,0,0,0,0,0,0,1,0,0,0,0,0,4.31,1000,0,1,1,0,0,0,0,0,0,0,0,0,0,1,0,0,0,0,0,0,0,0,0,0,0,0,0,1,0,0,0,3,31.5,58.63,11.15,6.04,18.59,42.1,41.57,107,25.73,61.53,25.17,13.3,98.24,0.77,13.53,13.53,0.26,60.83,0.44,0.37,0.45,2.06,20.82,1.45,0.03,1.19,0.03,0.42,11.39,0.27,0,0,0,0,0,0,0,0,0,1,0,0,1,0,0
"7",0.1,0,0,0,0,0,0,0,0,1,0,0,0,0,2.77,1000,0,1,0,0,0,0,1,0,0,1,0,0,0,0,0,0,0,0,0,0,0,0,0,0,0,0,0,1,0,0,0,1,21.44,37.49,10.9,6.89,19.2,12.02,29.65,125.61,19.85,68.6,22.92,8.48,97.79,1.66,12.87,12.87,0.56,67.71,0.33,0.33,0.04,6.73,10.13,5.62,0.06,1.18,0.06,0.09,5.93,1.19,0.03,0,0,0,0,0,0,0,0,1,0,0,1,0,0
"8",0,0,1,0,0,0,0,0,0,0,0.9,0.991,0.61,0.999,216.6,5.38,0,1,1,0,0,0,0,0,0,0,0,0,0,0,0,0,0,1,0,0,0,0,0,0,0,0,0,1,0,0,0,3,36.61,51.74,9.45,6.17,15.27,38.64,28.42,276.68,98.72,38.7,44.58,16.72,94.93,3.46,14.14,14.14,1.16,36.51,1.04,2.23,1.03,2.61,36.18,2.16,0.38,3.79,0.95,0.4,10.48,0.26,0.84,0,1,0,0,0,0,0,0,0,0,0,1,0,1
"9",0.2,0,0,0,0,0,0,0,1,0,0,0,0.1,0,9.05,1000,0,1,0,0,0,0,1,0,0,1,0,0,0,0,0,0,0,0,0,0,0,0,0,0,0,0,0,1,0,0,0,2,31.5,38.94,9.28,6.13,14.63,23.19,31.35,127.89,26.81,23.28,49.07,27.65,98.34,0.42,30.24,30.24,0.06,23.18,0.05,0.27,1.1,13.18,22.11,12.39,0.01,9.78,0.02,0.03,17.48,0.2,0.14,0,0,0,0,0,0,0,0,1,0,0,1,0,0
"10",0.1,0,0,0,0,0,1,0,0,0,0,0,0.17,0,21.64,3.52,0,1,0,0,0,0,1,0,0,0,0,0,0,0,0,0,0,1,0,0,0,0,0,0,0,1,0,0,0,0,0,0,22.75,17.2,9.1,6.51,14.04,25.7,34.99,253.05,44.86,56.72,24.49,18.79,96.89,2.81,27.47,27.47,0.09,55.88,0.75,0.42,0.4,5.27,8.36,10.02,0.01,1.19,0.15,0.35,15.2,1.85,0.05,0,0,0,0,0,0,0,0,1,0,0,1,0,1
"11",0,0,1,0,0,0,0,0,0,0,0.87,0.8,0.83,0.89,219.6,5.56,0,1,1,0,0,0,0,0,0,0,0,0,0,0,0,1,0,0,0,0,0,0,0,0,0,0,0,1,0,0,0,2,46.64,42.53,11.07,7.33,19.76,7.72,34.86,267.88,22.65,33.32,45.7,20.98,98.68,1.53,17.1,17.1,0.17,32.22,0.93,0.38,0.11,3.34,39.81,2.05,0.01,5.91,0.01,0.19,14.29,0.47,0.1,0,1,0,0,0,0,0,0,0,0,0,1,0,1
"12",0.6,0,1,0,0,0,0,0,0,0,0,0,0.97,0,5.47,1000,0,1,1,0,0,0,0,0,0,1,0,0,0,0,0,0,0,0,0,0,0,0,0,0,0,0,0,1,0,0,0,3,39.93,55.14,10.73,7.38,24.95,28.52,41.48,90.91,28.15,61.73,18.84,19.43,95.63,1.47,21.92,21.92,0.93,60.27,0.54,1.33,0.69,1.84,11.92,3.02,0.04,0.4,0.13,0.85,17.28,0.57,0.19,0,0,0,0,0,0,0,0,1,0,0,1,0,0
"13",0.1,0,0,0,0,0,0,0,0,1,0,0,0,0,6.06,1000,0,1,1,0,0,0,0,0,0,1,0,0,0,0,0,0,0,0,0,0,0,0,0,0,0,0,0,1,0,0,0,1,18,46.24,10.5,5.87,18.74,9.28,27.01,115.63,31.13,67.42,20.87,11.7,96.41,3.1,11.02,11.02,0.28,66.11,1.03,1.36,0.92,1.94,14.99,1.07,0.59,1.26,0.5,0.57,8.4,0.46,0.52,0,0,0,0,0,0,0,0,1,0,0,1,0,0
"14",0.1,0,1,0,0,0,0,0,0,0,0,0,0.61,0,7.42,5.14,0,1,0,0,0,0,1,0,0,1,0,0,0,0,0,0,0,0,0,0,0,0,0,0,0,1,0,0,0,0,0,2,30.61,31.71,9.23,6.84,15,41.05,31.45,246.85,47.57,47.03,37.67,15.3,98.13,7.07,8.6,8.6,0.07,42.56,4.41,0.71,0.68,17.4,17.66,0.82,0.4,6.87,0.65,0.18,5.99,0.23,1.38,0,0,0,0,0,0,0,0,1,0,0,1,0,1
"15",0.5,1,0,0,0,0,0,0,0,0,0.995,0.999,0.64,0.99,45.74,1000,0,1,0,0,0,0,1,0,0,0,0,0,0,0,0,1,0,0,0,0,0,0,0,0,1,0,0,0,0,0,0,2,42.9,30.54,8.72,6.25,13.73,34.61,30.66,176.27,40.96,42.66,40.81,16.53,97.86,5.87,7.25,7.25,0.16,38.14,4.36,0.54,0.1,17.72,20.91,1.44,0.11,10.31,0.41,1.2,3.62,0.14,0.85,0,0,0,0,0,0,1,0,0,0,0,1,0,0
"16",0.3,0,0,1,0,0,0,0,0,0,0.998,0.999,0.62,0.99,765.4,1000,0,1,0,0,0,0,1,0,0,0,0,0,0,0,0,1,0,0,0,0,0,0,0,0,0,0,0,1,0,0,0,0,21.43,21.74,6.48,6.25,19.89,25.53,28.46,128.08,28.2,36.3,44.54,19.17,96.7,2.02,15.7,15.7,0.3,35.7,0.3,0.04,2.45,15.01,19.7,7.2,0.14,9.4,1.27,0.35,7.85,0.17,0.13,0,0,0,1,0,0,0,0,0,0,0,1,0,0
"17",0.2,0,0,0,0,0,0,0,0,1,0.995,0.994,0.43,0.92,264.4,1000,0,1,0,0,0,0,1,0,0,0,0,0,0,0,0,1,0,0,0,0,0,0,0,0,0,0,0,1,0,0,0,2,25.18,18.51,6.58,6.22,21.53,31.6,29.17,153.09,58.28,30.91,39.65,29.44,95.57,3.71,31.3,31.3,0.04,28.51,2.37,2.28,1.11,9.95,16.42,9.15,0.74,7.26,0.04,0.76,20.82,0.25,0.31,0,0,0,1,0,0,0,0,0,0,0,1,0,0
"18",0.7,1,0,0,0,0,0,0,0,0,0.999,0.995,1,0.91,7.45,1000,0,1,1,0,0,0,0,0,0,1,0,0,0,0,0,0,0,0,0,0,0,0,0,0,0,0,0,1,0,0,0,2,39.56,47.88,6.86,1.63,12.89,23.39,39.02,126.05,27.62,43.88,49.57,6.55,99.26,1.32,2.87,2.87,0.28,43.5,0.09,0.04,0.25,5.92,41.88,1.35,0.13,4.24,0.79,0.12,1.1,0.05,0.25,0,0,0,0,1,0,0,0,0,0,0,1,0,0
"19",0.2,0,0,0,0,0,0,0,0,1,0,0,0.19,0,1.31,1000,0,1,1,0,0,0,0,0,0,0,0,0,0,1,0,0,0,0,0,0,0,0,0,0,0,0,0,1,0,0,0,3,43.85,108.77,4.99,0.21,21.07,25.7,50.37,144.03,24.08,43.87,48.99,7.14,98.01,1.38,6.25,6.25,0.21,43.6,0.06,0.16,1.31,5.37,40.02,1.72,0.41,2.31,0.3,0.18,3.74,0.13,0.47,0,0,0,0,0,0,0,0,1,0,0,1,0,0
"20",0.4,0,1,0,0,0,0,0,0,0,0,0,0.96,0,99.3,2.62,0,1,1,0,0,0,0,0,0,1,0,0,0,0,0,0,0,0,0,0,0,0,0,0,0,0,0,1,0,0,0,4,37.52,68.52,7.45,20.15,27.55,12.84,33.94,263.77,28.34,42.68,44.92,12.41,99.22,0.41,6.74,6.74,0.1,42.35,0.22,0.25,0.35,8.09,35.46,0.7,0.07,6.32,0.04,0.01,5.95,0.07,0.01,0,0,0,0,0,0,0,0,1,0,0,1,0,1
"21",0,0,0,0,0,0,0,0,1,0,0,0,0.41,0,3.14,1000,0,1,1,0,0,0,0,0,0,0,0,0,0,1,0,0,0,0,0,0,0,0,0,0,0,0,0,1,0,0,0,3,42.9,58.74,4.79,1.81,12.36,19.01,51.46,158.46,33.13,36.58,52.34,11.08,96.83,0.91,6.63,6.63,0.51,36.02,0.06,0.38,1.95,4.71,43.53,1.65,0.1,5.81,0.29,0.24,4.28,0.08,0.38,0,0,0,0,0,0,0,0,1,0,0,1,0,0
"22",0.5,0,0,0,0,0,0,0,1,0,0,0,0.41,0,3.47,1000,0,1,1,0,0,0,0,0,0,0,0,0,0,1,0,0,0,0,0,0,0,0,0,0,0,0,0,1,0,0,0,3,41.86,67.1,3.5,-0.29,14.32,19.18,48.1,127.31,25.05,54.19,40.2,5.62,98.06,1.09,2.71,2.71,0.17,53.53,0.49,0.57,0.67,4.99,33.09,0.66,0.22,3.34,0.23,0.51,1.38,0.01,0.15,0,0,0,0,0,0,0,0,1,0,0,1,0,0
"23",0,0,0,0,1,0,0,0,0,0,0,0,0,0,4.64,1000,0,1,0,0,0,0,1,0,0,0,0,0,0,0,0,1,0,0,0,0,0,0,0,0,0,0,0,1,0,0,0,5,31.04,46.54,10.57,4.56,35.77,37.66,45,334.93,189.6,31.09,52.57,16.35,96.58,3.06,5.35,5.35,0.15,30.57,0.37,1.24,1.79,21.66,25.93,1.74,0.21,10.88,1.85,0.02,2.97,0.22,0.4,0,0,0,0,0,0,0,0,1,0,0,1,0,0
"24",0.9,1,0,0,0,0,0,0,0,0,0.993,0.993,1,0.98,6.11,1000,0,1,0,1,0,0,0,0,0,0,0,0,0,1,0,0,0,0,0,0,0,0,0,0,0,0,0,1,0,0,0,3,22.53,32.96,34.98,30.65,63.66,15.19,28.32,148.38,30.36,47.57,43.54,8.88,98.31,0.9,6.27,6.27,0.18,47.32,0.07,0.1,1.27,7.21,31.98,2.96,0.02,5.2,0.37,0.01,2.87,0.13,0.31,1,0,0,0,0,0,0,0,0,0,0,1,0,0
"25",0.1,1,0,0,0,0,0,0,0,0,0,0,0.54,0,10.82,1000,0,1,1,0,0,0,0,0,0,0,0,0,0,0,0,1,0,0,0,0,0,0,0,0,0,0,0,1,0,0,0,4,26.32,52.33,11.3,5.48,18.29,36.06,46.27,125.79,35.45,15.12,64.7,20.18,97.32,1,6.38,6.38,0.11,14.69,0.33,0.32,1.99,3.96,57.61,0.4,0.42,14.14,0.05,0.18,5.61,0.08,0.12,0,0,0,0,0,0,0,0,1,0,0,1,0,0
"26",0.7,0,0,1,0,0,0,0,0,0,0.991,0.999,1,0.99,232.6,1000,0,1,0,0,0,0,1,0,0,0,0,0,0,0,0,0,0,1,0,0,0,0,0,0,0,0,0,1,0,0,0,1,12.88,25.78,10.05,9.42,18.13,41.86,26.8,143.67,25.95,33.91,46.4,19.69,97.75,1.33,14.01,14.01,0.16,32.84,0.91,0.56,1.13,21.3,18.76,4.64,0.01,10.07,0.25,0.33,8.88,0.07,0.09,0,0,0,1,0,0,0,0,0,0,0,1,0,0
"27",0.2,0,0,0,0,0,0,0,1,0,0,0,0.34,0,8.06,1000,0,1,1,0,0,0,0,0,0,0,0,0,0,0,0,1,0,0,0,0,0,0,0,0,0,0,0,1,0,0,0,4,33.14,58.81,10.72,7.67,22.42,31.62,44.84,134.86,21.79,20.74,65.8,13.46,98.96,2.55,5.83,5.83,0.09,19.14,1.51,0.33,0.26,7.32,56.42,1.36,0.11,8.64,0.36,0.25,3.64,0.11,0.46,0,0,0,0,0,0,0,0,1,0,0,1,0,0
"28",0.2,0,0,0,0,0,0,0,1,0,0,0,0.01,0,4.27,1000,0,1,0,0,0,0,1,0,0,0,0,0,0,0,0,1,0,0,0,0,0,0,0,0,0,0,0,1,0,0,0,4,31.95,63.92,11.55,10.13,19.28,49.55,57.89,125.9,29.81,26.9,55.04,18.06,98.08,2.05,6.66,6.66,0.16,25.42,1.32,0.64,0.77,19.32,31.52,2.66,0.12,13.85,0.2,0.12,3.48,0.22,0.18,0,0,0,0,0,0,0,0,1,0,0,1,0,0
"29",0,0,0,0,0,0,0,0,0,1,0,0,0,0,0.97,1000,0,1,0,1,0,0,0,0,0,0,0,0,0,0,0,1,0,0,0,0,0,0,0,0,0,0,0,1,0,0,0,2,17.4,54.03,10.65,3.4,17.4,13.8,46.27,134.19,33.74,18.32,44.15,37.53,98.89,0.93,13.95,13.95,0,17.99,0.32,0.18,0.81,12.61,29.42,1.1,0.03,24.37,0.31,0.07,12.52,0.04,0.22,0,0,0,0,0,0,0,0,1,0,0,1,0,0
"30",0.1,0,0,0,0,0,0,0,0,1,0,0,0,0,7.43,1000,0,1,1,0,0,0,0,0,0,1,0,0,0,0,0,0,0,0,0,0,0,0,0,0,0,0,0,1,0,0,0,6,35.34,60.64,36.19,63.1,73.02,15.65,56.35,117.85,25.6,36.55,47.97,15.48,94.31,4.8,10.32,10.32,0.44,33.48,2.63,1.31,1.85,5.27,38.3,0.49,0.76,5.54,0.12,1.34,7.19,0.75,0.54,0,0,0,0,0,0,0,0,1,0,0,1,0,0
"31",0.2,0,0,0,0,1,0,0,0,0,0,0,0,0,7.71,3.78,0,1,1,0,0,0,0,0,0,1,0,0,0,0,0,0,0,0,0,0,0,0,0,0,0,0,0,1,0,0,0,3,37.7,45.49,12.87,15.1,24.72,7.97,40.44,291.45,27.5,26.22,58.52,15.25,98.56,3.58,8.87,8.87,0.76,22.86,2.6,0.1,0.17,4.16,52.22,1.55,0.32,7.88,0.06,0.12,6.6,0.3,0.3,0,0,0,0,0,0,0,0,1,0,0,1,0,1
"32",0.8,1,0,0,0,0,0,0,0,0,0.985,0.999,0.99,0.999,16.8,1000,0,1,1,0,0,0,0,0,0,1,0,0,0,0,0,0,0,0,0,0,0,0,0,0,0,0,0,1,0,0,0,6,37.45,42.82,41.8,72.9,83.37,6.15,47.09,133.81,29.75,17.66,61.85,20.48,98.04,3.06,10.84,10.84,0.1,15.73,1.83,0.75,0.19,2.54,57.47,0.85,0.05,10.3,0.19,0.41,8.59,0.51,0.48,0,0,0,1,0,0,0,0,0,0,0,1,0,0
"33",0.3,0,0,0,0,1,0,0,0,0,0,0,0,0,246.4,13.23,0,1,0,0,0,0,1,0,0,1,0,0,0,0,0,0,0,0,0,0,0,0,0,0,1,0,0,0,0,0,0,3,14.03,23.98,42.45,58.08,80.45,7.96,36.84,178.4,35.16,38.52,48.34,13.14,99.35,0.57,10.46,10.46,0.12,38.34,0.07,0.01,0.37,20.9,21.4,5.64,0.01,8.16,0.16,0.01,4.48,0.14,0.19,0,0,0,0,0,0,0,0,1,0,0,1,0,1
"34",0.1,0,0,0,0,0,0,0,0,1,0,0,0.03,0,1000,1000,0,1,0,0,0,0,1,0,0,0,0,0,0,1,0,0,0,0,0,0,0,0,0,0,1,0,0,0,0,0,0,0,20.09,27.77,10.83,7.26,18.66,12.99,36.32,142.72,27.82,34.39,44.61,21,97.08,1.48,19.32,19.32,0.29,33.48,0.62,0.28,1.91,14.44,20.47,7.46,0.06,8.93,0.21,0.17,11.1,0.27,0.32,0,0,0,0,0,0,0,0,1,0,0,1,0,0
"35",0,0,1,0,0,0,0,0,0,0,0,0,0.27,0,520.6,125.1,0,1,1,0,0,0,0,0,0,0,0,0,0,0,0,1,0,0,0,0,0,0,0,0,0,0,0,1,0,0,0,3,41.86,56.57,10.96,7.09,23.54,13.23,52.58,132.9,23.6,26.45,56.16,17.38,96.19,3.47,12.93,12.93,0.46,24.33,1.67,0.06,2.16,7.9,43.16,2.76,0.13,7.13,0.08,0.39,8.2,0.75,0.83,0,0,0,0,0,0,0,0,1,0,0,1,0,1
"36",0,0,0,0,0,1,0,0,0,0,0,0,0,0,979.2,32.06,0,1,0,0,0,0,1,0,0,0,0,0,0,1,0,0,0,0,0,0,0,0,0,0,0,0,0,1,0,0,0,0,12.24,26.42,11.8,7.12,16.69,6.23,37.24,156.83,29.65,32.79,50.93,16.28,98.92,1.31,10.61,10.61,0.02,32.23,0.53,0.23,0.61,23.55,22.3,4.09,0.16,9.36,0.39,0.2,6.1,0.02,0.2,0,0,0,0,0,0,0,0,1,0,0,1,0,1
"37",0,0,0,0,0,0,0,0,1,0,0,0,0.97,0,2.36,1000,0,1,0,1,0,0,0,0,0,0,0,0,0,0,0,1,0,0,0,0,0,0,0,0,0,0,0,1,0,0,0,2,17.74,43.48,10.5,6.32,19.06,27.34,46.23,140.4,32.4,17.45,58.39,24.16,93.52,3.69,17.94,17.94,0.26,16.96,0.23,0.86,3.5,8.21,37.59,5.92,2.31,11.72,0.42,1.35,9.95,0.52,0.21,0,0,0,0,0,0,0,0,1,0,0,1,0,0
"38",0,0,0,0,0,0,0,0,1,0,0,0,0,0,2.38,1000,0,1,0,1,0,0,0,0,0,0,0,0,0,0,0,0,0,1,0,0,0,0,0,0,0,0,0,1,0,0,0,2,19.15,57.33,11.3,5.32,18.51,25.93,44.97,135.96,26.86,8.33,58.66,33.02,98.4,0.81,10.48,10.48,0.27,8.02,0.03,0.33,0.61,6.23,49.71,1.75,0.03,24.04,0.24,0.29,7.94,0.1,0.41,0,0,0,0,0,0,0,0,1,0,0,1,0,0
"39",0.2,0,1,0,0,0,0,0,0,0,0.958,0.7,0.99,0,842.4,1000,0,1,0,0,0,0,1,0,0,0,0,0,0,1,0,0,0,0,0,0,0,0,0,0,0,0,0,1,0,0,0,1,19.46,25.23,11.21,5.65,19.62,35.78,36.79,146.3,24.44,38.74,47.7,13.56,97.73,1.52,15.92,15.92,0.08,37.88,0.77,0.51,1.52,13.12,23.79,8.57,0.19,5.81,0.4,0.06,7.13,0.09,0.07,0,0,0,0,0,0,0,0,1,0,0,1,0,0
"40",0,0,0,0,0,0,0,0,1,0,0,0,0.12,0,6.43,1000,0,1,1,0,0,0,0,0,0,0,0,0,0,1,0,0,0,0,0,0,0,0,0,0,0,0,0,1,0,0,0,4,41.61,60.84,11.27,5.48,19.7,39.05,64.82,119.31,29.81,35.9,51.71,12.39,80.26,3.44,9.75,9.75,0.09,33.8,2,0.66,15.46,4.88,30.35,0.25,0.1,2.75,0.15,2.33,5.98,1.19,0,0,0,0,0,0,0,0,0,1,0,0,1,0,0
"41",0,0,0,0,0,0,0,0,1,0,0,0,0,0,68.05,1000,0,1,1,0,0,0,0,0,0,0,0,0,0,0,0,1,0,0,0,0,0,0,0,0,0,0,0,1,0,0,0,4,40.54,67.07,10.63,5.34,19.76,56.52,68.18,106.67,28.27,13.07,66.15,20.78,98.78,0.53,6.49,6.49,0.29,12.65,0.14,0.13,0.6,5.19,60.04,0.04,0.14,14.27,0.05,0.17,6.08,0.04,0.16,0,0,0,0,0,0,0,0,1,0,0,1,0,0
"42",0.3,0,0,0,0,0,0,1,0,0,0.95,0.93,0.98,0.99,561.8,1000,0,1,0,0,0,0,1,0,0,0,0,0,0,0,0,0,0,1,0,0,0,0,0,0,0,0,0,1,0,0,0,1,20.15,28.89,11.23,7.87,18.36,40.6,40.51,131.29,24.29,28.27,59.17,12.56,98.28,1.55,16.44,16.44,0.16,27.45,0.66,0.66,0.44,21.35,25.51,11.05,0.16,6.84,0.34,0.18,4.8,0.27,0.13,0,0,0,1,0,0,0,0,0,0,0,1,0,0
"43",0.5,1,0,0,0,0,0,0,0,0,0.977,0.73,0.96,0,16.8,1000,0,1,1,0,0,0,0,0,0,1,0,0,0,0,0,0,0,0,0,0,0,0,0,0,0,0,0,1,0,0,0,2,31.5,48,10.61,6.05,19.84,16.98,41.96,117.26,22.6,31.34,55.17,13.49,98.38,2.59,4.39,4.39,0.12,29.6,1.62,0.56,0.76,8.59,43.7,1.3,0.25,9.99,0.41,0.01,2.77,0.17,0.14,0,0,0,0,0,0,0,0,1,0,0,1,0,0
"44",0.3,0,0,0,0,0,0,0,1,0,0,0,0.2,0,6.27,1000,0,1,1,0,0,0,0,0,0,0,0,0,0,0,0,0,0,1,0,0,0,0,0,0,0,0,0,1,0,0,0,4,67.89,71.71,11.53,4.7,17.41,83.76,64.41,140.1,22.35,15.36,63.01,21.64,97.07,3.43,9.39,9.39,0.89,12.58,1.88,0.32,1.28,3.86,56.46,0.96,0.13,13.18,0.02,0.1,6.93,0.33,1.06,0,0,0,0,0,0,0,0,1,0,0,1,0,0
"45",0,0,0,0,0,1,0,0,0,0,0,0,0,0,34.62,7.62,0,1,0,1,0,0,0,0,0,0,0,0,0,0,0,1,0,0,0,0,0,0,0,0,0,1,0,0,0,0,0,2,15.68,35.18,10.28,6.37,18.88,39.09,38.98,201.57,22.8,7.24,48.12,44.65,98.86,0.39,16.09,16.09,0.01,7.02,0.2,0.08,0.99,8.6,37.36,0.97,0.12,29.5,0.01,0.03,15.05,0.04,0.01,0,0,0,0,0,0,0,0,1,0,0,1,0,1
"46",0.2,0,0,0,0,0,0,0,1,0,0,0,0.11,0,8.03,1000,0,1,1,0,0,0,0,0,0,0,0,0,0,0,0,1,0,0,0,0,0,0,0,0,0,0,0,1,0,0,0,4,61.05,87.27,11.04,5.21,20.38,33.64,61.69,118.1,21.01,18.83,64.63,16.54,97.91,1.89,4.83,4.83,0.3,17.44,1.09,0.1,0.96,4.6,58.23,0.72,0.02,12.41,0.02,0.28,3.07,0.45,0.31,0,0,0,0,0,0,0,0,1,0,0,1,0,0
"47",0.1,0,0,1,0,0,0,0,0,0,0,0,0.15,0,23.82,1000,0,1,0,0,0,0,1,0,0,0,0,0,0,0,0,0,1,0,0,0,0,0,0,0,0,1,0,0,0,0,0,1,17.34,33.55,10.23,4.93,19.75,60.88,40.45,146.18,21.02,28.57,49.77,21.66,97.59,1.48,15.44,15.44,0,28.2,0.37,0.33,1.55,21.17,20.92,5.75,0.04,11.57,0.4,0.17,8.85,0.35,0.31,0,0,0,0,0,0,0,0,1,0,0,1,0,0
"48",0,0,0,0,0,0,0,0,1,0,0,0,0,0,71.59,1000,0,1,0,0,1,0,0,0,0,0,0,0,0,0,0,0,0,1,0,0,0,0,0,0,0,0,0,1,0,0,0,2,51.06,25.91,9.77,5.51,21.53,57,40.07,134.08,21.45,24.69,44.29,31.02,97.61,2.02,14.27,14.27,0.13,23.92,0.65,0.22,0.96,8.87,31.73,2.48,0.02,18.93,0.3,0.13,10.6,0.94,0.11,0,0,0,0,0,0,0,0,1,0,0,1,0,0
"49",0,0,0,0,0,0,0,0,0,1,0,0,0.07,0,4.9,1000,0,1,0,1,0,0,0,0,0,0,0,0,0,0,0,0,0,1,0,0,0,0,0,0,0,0,0,1,0,0,0,3,16.15,58.1,10.34,4.91,19.89,44.51,51.52,141.24,23.41,8.76,50.18,41.06,95.34,0.98,9.52,9.52,1.9,6.57,0.29,0.35,0.78,7.27,41.18,0.55,0.04,32.05,0.04,1.11,7.25,0.51,0.09,0,0,0,0,0,0,0,0,1,0,0,1,0,0
"50",0.3,0,0,0,1,0,0,0,0,0,0,0,0.4,0,9.56,1000,0,1,1,0,0,0,0,0,0,0,0,0,0,1,0,0,0,0,0,0,0,0,0,0,0,0,0,1,0,0,0,3,57.54,44.22,10.2,6.12,21.77,19.66,43.69,177.76,21.69,11.79,68.56,19.64,98.12,0.82,5.87,5.87,0.57,11.22,0.01,0.3,0.59,4.11,62.62,0.51,0.43,14.27,0.01,0.07,4.92,0.35,0.03,0,0,0,0,0,0,0,0,1,0,0,1,0,0
"51",0.4,0,0,0,0,0,0,0,1,0,0,0,0.01,0,4.39,1000,0,1,1,0,0,0,0,0,0,0,0,0,0,1,0,0,0,0,0,0,0,0,0,0,0,0,0,1,0,0,0,4,62.71,71.04,10.51,7.41,20.28,32.04,60.83,120.79,20.7,18.34,64.16,17.5,96.51,1.74,2.82,2.82,1.07,16.08,1.2,0.24,1.85,3.99,57.78,0.22,0.08,14.8,0.11,0.19,2.06,0.15,0.21,0,0,0,0,0,0,0,0,1,0,0,1,0,0
"52",0.1,0,1,0,0,0,0,0,0,0,0,0,0.31,0,22.28,4.43,0,1,1,0,0,0,0,0,0,0,0,0,0,1,0,0,0,0,0,0,0,0,0,0,0,0,0,1,0,0,0,3,49.19,65.92,10.78,5.21,18.3,18.38,56.95,306.92,16.99,19.02,61.8,19.18,98.07,1.29,11.99,11.99,0.34,18.11,0.57,0.18,0.83,4.78,54.61,1.05,0.35,8.17,0.07,0.31,10.33,0.27,0.03,0,0,0,0,0,0,0,0,1,0,0,1,0,1
"53",0.1,0,0,0,0,0,0,0,0,1,0,0,0,0,1000,1000,0,1,1,0,0,0,0,0,0,0,0,0,0,0,1,0,0,0,0,0,0,0,0,0,0,0,0,1,0,0,0,2,17.78,42.48,10.76,5.95,19.23,4.93,43.84,110.45,24.95,22.89,56.84,20.27,98.25,3.45,11.41,11.41,0.17,20.11,2.61,0.15,0.85,4.63,50.18,0.92,0.12,9.72,0.06,0.05,9.77,0.52,0.14,0,0,0,0,0,0,0,0,1,0,0,1,0,0
"54",0,0,0,0,0,0,0,0,1,0,0,0,0.34,0,5.17,1000,0,1,1,0,0,0,0,0,0,0,0,0,0,0,0,0,1,0,0,0,0,0,0,0,0,0,0,1,0,0,0,4,43.75,74.91,10.06,5.33,18.72,32.57,58.1,127.64,22.32,14.11,65.64,20.25,97.31,2.97,7.6,7.6,0.27,11.68,2.17,0.52,1.18,3.25,59.56,1.01,0.12,13.66,0.01,0.28,5.63,0.44,0.24,0,0,0,0,0,0,0,0,1,0,0,1,0,0
"55",0.1,0,0,0,1,0,0,0,0,0,0,0,0,0,3.11,1000,0,1,0,1,0,0,0,0,0,0,0,0,0,0,0,0,1,0,0,0,0,0,1,0,0,0,0,0,0,0,0,0,14.92,34.72,10.83,4.8,17.95,9.23,35.84,147.92,21.92,13.95,54.95,31.1,98.99,0.55,14.8,14.8,0.15,13.69,0.11,0.1,0.67,10.73,41.39,2.05,0,18.14,0.22,0.08,12.45,0.02,0.19,0,0,0,0,0,0,0,0,1,0,0,1,0,0
"56",0.5,0,1,0,0,0,0,0,0,0,0,0,0.01,0,32.07,5.04,0,1,1,0,0,0,0,0,0,0,0,0,0,0,1,0,0,0,0,0,0,0,0,0,0,0,0,1,0,0,0,3,38.85,73.53,10.36,4.69,17.11,24.34,64.54,283.38,22.04,8.56,72.53,18.91,97.88,2.03,4.22,4.22,0.41,7.53,0.63,0.1,1.08,4.55,66.43,0.16,0.22,14.26,0.58,0.29,3.16,0.24,0.36,0,0,0,0,0,0,0,0,1,0,0,1,0,1
"57",0.1,0,0,0,0,0,0,0,0,1,0,0,0,0,14.95,1000,0,1,1,0,0,0,0,0,0,1,0,0,0,0,0,0,0,0,0,0,0,0,0,0,0,0,0,1,0,0,0,4,30.28,80.33,10.01,5.94,16.95,31.95,66.41,114.43,25.32,32.62,50.96,16.43,98.63,1.71,12.14,12.14,0.23,31.08,1.3,0.58,0.34,4.51,44.54,0.83,0.17,5.1,0.02,0.06,11.02,0.15,0.07,0,0,0,0,0,0,0,0,1,0,0,1,0,0
"58",0.2,0,1,0,0,0,0,0,0,0,0,0,0,0,4.29,3.72,0,1,1,0,0,0,0,0,0,0,0,0,0,0,1,0,0,0,0,0,0,0,0,0,0,0,0,1,0,0,0,4,29.14,75.43,9.88,6.66,18.36,35.06,46.37,259.74,24.61,10.57,71.05,18.37,98.88,1.06,4.09,4.09,0.12,10.09,0.36,0.09,0.71,5.62,64.24,0.29,0.1,14.53,0.05,0.07,3.18,0.14,0.41,0,0,0,0,0,0,0,0,1,0,0,1,0,1
"59",0.1,0,1,0,0,0,0,0,0,0,0,0,0.16,0,5.11,6.05,0,1,1,0,0,0,0,0,0,0,0,0,0,0,0,0,1,0,0,0,0,0,0,0,0,0,0,1,0,0,0,3,34.7,71.03,10.6,6.9,18.97,30.25,41.28,264.28,25.31,35.86,50.45,13.69,97.96,1.57,5.06,5.06,0.87,34.76,0.22,0.02,0.56,7.78,39.9,2.14,0.05,9.97,0.81,0.2,2.23,0.38,0.11,0,0,0,0,0,0,0,0,1,0,0,1,0,1
"60",0,0,0,0,0,0,0,0,0,1,0,0,0,0,5.8,1000,0,1,0,1,0,0,0,0,0,0,0,0,0,0,0,0,1,0,0,0,0,0,0,0,0,0,0,1,0,0,0,2,13.51,69.82,10.97,5.42,18.06,25.46,52.44,135.78,21.48,19.9,59.37,20.73,98.64,0.48,7.08,7.08,0.24,19.55,0.11,0.07,0.61,10.66,46.15,1.74,0.14,15.36,0.03,0.26,4.88,0.17,0.03,0,0,0,0,0,0,0,0,1,0,0,1,0,0
"61",0.4,0,1,0,0,0,0,0,0,0,0,0,0.29,0,2.53,1.63,0,1,1,0,0,0,0,0,0,1,0,0,0,0,0,0,0,0,0,0,0,0,0,0,0,0,0,1,0,0,0,3,40.98,66.38,10.5,6.28,18.23,25.09,63.62,298.78,26.96,10.06,48.45,41.49,94.85,8.33,32.87,32.87,0.22,9.43,0.41,3.46,0.75,4.56,32.46,6.96,0.26,8.3,7.28,0.61,24.93,0.11,0.27,0,0,0,0,0,0,0,0,1,0,0,1,0,1
"62",0,0,1,0,0,0,0,0,0,0,0,0,0.21,0,8.36,7.55,0,1,1,0,0,0,0,0,0,1,0,0,0,0,0,0,0,0,0,0,0,0,0,0,0,0,0,1,0,0,0,3,38.68,69.69,10.16,6.74,17.22,20.16,48.49,304.76,26.24,29.51,59.24,11.25,98.7,0.19,3.38,3.38,0.09,29.35,0.07,0.74,0.38,5.57,51.48,1.02,0.04,8.87,0.02,0.07,2.23,0.01,0.05,0,0,0,0,0,0,0,0,1,0,0,1,0,1
"63",0,0,0,0,0,1,0,0,0,0,0,0,0,0,118.1,11.33,1,0,0,0,0,1,0,0,0,0,0,0,0,0,0,0,1,0,0,0,0,0,0,0,0,0,0,1,0,0,0,2,26.02,37.97,4.1,0,11.11,19.18,31.42,298.45,51.36,66.25,29.66,4.09,91.85,2.6,12.43,12.43,6.26,59.64,0.35,0.29,0.05,3.9,14.38,10.68,0.36,1.98,0.37,0.22,0,1.33,0.19,0,0,0,0,0,0,0,0,1,0,0,1,0,1
"66",0,0,0,0,0,0,0,0,0,1,0,0,0,0,1.31,38.03,1,0,0,0,0,1,0,0,0,0,0,0,0,0,0,0,0,1,0,0,0,0,0,0,0,1,0,0,0,0,0,3,36.87,47.83,4.56,0,12.57,42.76,41.76,296.8,40.25,65.02,18.83,16.14,95.89,1.23,17.65,17.65,1.69,63.12,0.22,0.49,0.7,3.78,10,3.79,0.06,2.06,0.22,0.83,12.31,0.4,0.33,0,0,0,0,0,0,0,0,1,0,0,1,0,0
"67",0.1,0,0,0,0,1,0,0,0,0,0,0,1,0,3.97,0.87,1,0,0,0,0,1,0,0,0,0,0,0,0,0,0,0,0,1,0,0,0,0,0,0,0,1,0,0,0,0,0,2,31.5,36.56,10.8,7.7,21.91,26.3,39.15,266.01,32.62,62.46,31.82,5.72,93.3,1.35,5.21,5.21,5.19,57.02,0.26,0.12,0.44,4.38,22.39,4.08,0.43,4.43,0.15,0.62,0,0.33,0.18,0,0,0,0,0,0,0,0,1,0,0,1,0,1
"68",0.2,0,0,0,0,0,0,0,0,1,0,0,0,0,0.89,1000,1,0,0,0,0,1,0,0,0,0,0,0,0,0,0,0,1,0,0,0,0,0,0,0,0,0,0,1,0,0,0,3,33.01,43.87,9.31,7.42,19.37,36.08,36,163.7,28.55,66.7,23.75,9.55,96.94,2.09,8.25,8.25,0.07,65.93,0.69,0.28,0.29,8.09,13.12,1.4,0.57,2.68,0.02,1.92,4.12,0.5,0.3,0,0,0,0,0,0,0,0,1,0,0,1,0,0
"69",0,0,0,0,0,0,0,0,0,1,0,0,0.11,0,6.82,1000,1,0,0,0,0,1,0,0,0,0,0,0,0,0,0,0,1,0,0,0,0,0,0,0,0,0,0,1,0,0,0,2,27.12,48.9,10.43,7.92,17.32,19.82,37.73,147.64,23.85,40.58,26.34,33.08,94.16,6.48,26.32,26.32,0.08,39.27,1.23,1.34,2.25,6.82,13.51,1.52,0.92,6.58,1.69,2.11,20.05,0.08,2.56,0,0,0,0,0,0,0,0,1,0,0,1,0,0
"70",0,0,0,0,0,0,0,0,1,0,0,0,0.06,0,0.89,1000,1,0,0,0,0,1,0,0,0,1,0,0,0,0,0,0,0,0,0,0,0,0,0,0,0,0,0,1,0,0,0,7,38.91,103.86,22.79,16.88,35.71,118.98,60.77,141.41,22.08,55.99,30.79,13.22,96.95,1.46,9.62,9.62,0.92,55.04,0.03,0.12,0.49,6.85,22.29,0.4,0.64,3.95,0.04,1,7.46,0.52,0.24,0,0,0,0,0,0,0,0,1,0,0,1,0,0
"71",0,0,1,0,0,0,0,0,0,0,0,0,0,0,36.59,0.39,1,0,0,0,0,1,0,0,0,1,0,0,0,0,0,0,0,0,0,0,0,0,0,0,0,0,0,1,0,0,0,2,31.65,45.2,10.16,6.23,16.49,17.73,39.38,331.8,44.73,64.43,24.77,10.8,84.12,0.86,7.19,7.19,14.26,50.15,0.02,0.4,0.43,6.03,17.66,0.06,0.19,3.58,0.09,0.44,6.12,0.34,0.22,0,0,0,0,0,0,0,0,1,0,0,1,0,1
"72",0,0,0,0,1,0,0,0,0,0,0,0,0,0,1000,1000,0,1,1,0,0,0,0,0,0,1,0,0,0,0,0,0,0,0,0,0,0,0,0,0,0,0,0,0,0,0,1,0,14.58,32.79,10.14,6.28,15.81,8.03,37.5,129.41,24.65,25.4,44.72,29.88,98.4,0.68,19.25,19.25,0.01,25.3,0.08,0.14,1.35,10.4,27.97,4.79,0.07,15.07,0.36,0.04,14.25,0.06,0.1,0,0,0,0,0,0,0,0,1,0,0,1,0,0
"73",0.2,0,1,0,0,0,0,0,0,0,0,0.25,0.38,0,7.53,12.32,0,1,0,0,0,0,1,0,0,0,0,0,0,0,1,0,0,0,0,0,0,0,0,0,0,0,0,0,0,0,1,0,21.04,34.1,10.74,6.92,16.21,6.71,34.29,214.22,21.88,53.9,35.07,11.02,98.25,1.21,7.96,7.96,0,53.16,0.75,0.47,1.24,17.71,14.08,1.48,0.09,4.45,0.1,0.01,6.19,0.03,0.25,0,0,0,0,0,0,0,0,1,0,0,1,0,1
"74",0.1,0,0,0,0,1,0,0,0,0,0,0,0.02,0,5,4.26,0,1,0,0,0,0,1,0,0,1,0,0,0,0,0,0,0,0,0,0,0,0,0,0,0,1,0,0,0,0,0,1,12.95,46.97,10.26,6.93,15.94,6.41,37.63,209.75,25.81,56.81,25.96,17.22,97.25,1.56,25.54,25.54,0.05,55.75,1.01,0.73,1.41,7.2,6.6,9.94,0.09,1.49,0.13,0.21,15.05,0.34,0,0,0,0,0,0,0,0,0,1,0,0,1,0,1
"75",0.7,0,0,1,0,0,0,0,0,0,0.998,0.999,1,0.999,13.77,1000,0,1,0,0,0,0,1,0,0,0,0,0,0,0,0,0,1,0,0,0,0,0,0,0,0,0,0,1,0,0,0,3,25.11,51.36,10.1,8.46,19.71,8.04,43.73,195.65,24.46,19.14,49.88,30.98,94.74,1.91,26.81,26.81,0.01,18.8,0.33,0.32,4.21,12.84,23.91,8.55,0.05,11.82,0.9,0.11,17.52,0.61,0.01,0,0,0,0,0,0,0,0,1,0,0,1,0,0
"76",0.5,1,0,0,0,0,0,0,0,0,0.9983,0.994,0.99,0.999,29.91,1000,1,0,0,0,0,1,0,0,0,0,0,0,0,0,1,0,0,0,0,0,0,0,0,0,0,0,0,1,0,0,0,5,51.68,21.8,21,17.68,32.74,70.34,33.31,135.21,23.46,79.83,8.28,11.89,20.64,3.17,3.02,3.02,75.99,3.82,0.02,1.02,0.76,0.46,4.98,0.66,0.4,7.91,1.62,1.23,0,0.36,0.77,0,0,0,0,0,0,0,0,1,0,0,1,0,0
"78",0.4,0,0,0,1,0,0,0,0,0,0,0,0,0,1000,1000,1,0,0,0,0,1,0,0,0,0,0,0,0,0,1,0,0,0,0,0,0,0,0,0,0,0,0,1,0,0,0,0,15.69,28.94,11.51,7.67,14.74,6.68,25.61,196.92,23.1,42.82,46.23,10.95,84.81,1.18,5.17,5.17,12.95,29.64,0.24,0.09,1.59,6.82,32.77,4.5,0.46,10.2,0.08,0.27,0,0.3,0.1,0,0,0,0,0,0,0,0,1,0,0,1,0,0
"79",0.7,1,0,0,0,0,0,0,0,0,0.97,0.8,0.78,0,32.57,1000,1,0,0,0,0,1,0,0,0,0,0,0,0,0,0,0,1,0,0,0,0,0,0,0,0,0,0,1,0,0,0,6,44.82,56.06,33.72,27.86,43.47,33.32,32.23,156.59,33.99,86.97,5.36,7.67,11.09,3.74,9.69,9.69,84.27,2.52,0.18,0.1,0.58,0.3,0.24,4,0.14,1.85,0.12,1.51,0.89,2.44,0.85,0,0,0,0,0,0,0,0,1,0,0,1,0,0
"80",1,1,0,0,0,0,0,0,0,0,0.9925,0.997,0.99,0.93,57.39,1000,1,0,0,0,0,1,0,0,0,0,0,0,0,0,0,0,1,0,0,0,0,0,0,0,0,0,1,0,0,0,0,5,64.86,33.17,29.28,23.2,39.73,56.63,41.15,322.3,40.48,89.36,3.4,7.23,13.19,1.19,4.47,4.47,83.91,5.1,0.36,0.29,1.24,0.02,0.02,1.76,0.07,4.45,0.07,0.81,1.21,0.56,0.12,0,0,0,0,0,0,0,0,1,0,0,1,0,0
"81",0.3,0,1,0,0,0,0,0,0,0,0,0,0.49,0,1.26,1.6,0,1,1,0,0,0,0,0,0,0,0,0,0,0,0,0,1,0,0,0,0,0,0,0,0,0,0,1,0,0,0,3,31.97,44.53,10.08,6.8,16.09,17.69,46.54,179.7,22.46,10.26,58.02,31.73,95.16,1.51,7.94,7.94,2.5,7.36,0.4,0.44,1.1,4.99,50.47,0.66,0.37,24.36,0.09,0.56,6.07,0.25,0.4,0,0,0,0,0,0,0,0,1,0,0,1,0,1
"82",0.6,0,1,0,0,0,0,0,0,0,0.975,0.995,0.99,0.99,10.48,2.47,1,0,0,0,0,1,0,0,0,0,0,0,0,0,0,0,0,0,1,0,0,0,0,0,0,0,0,1,0,0,0,3,61.35,36.57,10.75,7.21,20.1,27.47,55.36,300.27,42.36,30.24,51.24,18.52,98.35,4.29,2.4,2.4,0.37,28.75,1.13,0.03,0.32,14.71,33.99,0.2,1.99,15.65,0.67,0.69,1.02,0.25,0.25,0,1,0,0,0,0,0,0,0,0,0,1,0,1
"83",0.5,0,0,0,0,1,0,0,0,0,0.99,0.98,0.97,0,1.75,1.94,1,0,0,0,0,1,0,0,0,0,0,0,0,0,0,0,0,0,1,0,0,0,0,0,0,0,0,1,0,0,0,4,58.62,53.36,13.53,7.2,22.26,44.56,59.2,302.45,38.78,47.72,42.24,10.04,98.15,3.74,3.46,3.46,0.25,45.97,1.49,0.26,0.68,10.15,29.24,0.41,1.5,6.77,0.22,0.5,2.02,0.16,0.36,0,0,0,0,0,0,0,0,1,0,0,1,0,1
"84",0.2,0,0,0,0,1,0,0,0,0,0,0,0.41,0,3.34,95.54,1,0,0,0,0,1,0,0,0,0,0,0,0,0,0,0,0,0,1,0,0,0,0,0,1,0,0,0,0,0,0,2,38.43,37.87,11.62,6,16.14,22.68,34.34,218.52,29.69,18.76,51.47,29.77,96.93,7.47,10.92,10.92,0.87,17.26,0.62,0.35,0.05,10.95,37.12,0.39,2.6,18.23,1.02,0.84,6.47,0.96,2.26,0,0,0,0,0,0,0,0,1,0,0,1,0,1
"85",0.3,0,0,0,0,1,0,0,0,0,0,0,0.28,0,13.71,3.23,1,0,0,0,0,1,0,0,0,0,0,0,0,0,0,0,0,0,1,0,0,0,0,0,0,0,0,1,0,0,0,3,54.29,33.65,12.93,5.96,19.27,43.5,55.43,293.84,38.51,23.16,52.1,24.73,97.09,2.45,2.22,2.22,1.48,21.63,0.06,0.49,0.21,15.2,34.74,0.13,1.33,22.26,0.38,0.36,1.05,0.36,0.31,0,0,0,0,0,0,0,0,1,0,0,1,0,1
"86",0.4,0,0,0,0,0,0,0,0,1,0,0,0,0,2.29,1000,1,0,0,0,0,1,0,0,0,0,0,0,0,0,0,0,0,0,1,0,0,0,0,0,0,1,0,0,0,0,0,6,42.6,41.67,39.5,34.61,65.28,26.96,59.63,142.63,22.74,21,39.76,39.24,94.82,7.04,5.6,5.6,1.67,18.47,0.86,0.7,0.81,9.78,25.6,0.34,2.53,33.3,0.69,0.95,1.33,1.05,1.92,0,0,0,0,0,0,0,0,1,0,0,1,0,0
"87",0.1,0,0,0,0,0,0,0,0,1,0,0,0,0,2.5,1000,1,0,0,0,0,1,0,0,0,0,0,0,0,0,0,0,0,0,1,0,0,0,0,0,0,0,0,0,0,0,1,7,52.89,62.03,69.5,61.16,103.26,37.94,63.31,113.23,27.35,13.56,43.92,42.53,90.79,8.51,12.15,12.15,1.65,10.3,1.61,0.24,0.48,12.92,27.22,0.14,2.93,30.3,0.22,4.09,4.17,2.76,0.99,0,0,0,0,0,0,0,0,1,0,0,1,0,0
"88",0.1,0,1,0,0,0,0,0,0,0,0,0,0.57,0,131.1,6.18,1,0,0,0,0,1,0,0,0,0,0,0,0,0,0,0,0,0,1,0,0,0,0,0,0,0,0,1,0,0,0,2,40.86,41.04,11.79,5.87,20.46,26.9,35.79,279,41.31,32.24,47.56,20.19,94.25,5.21,0.64,0.64,4.01,26.07,2.16,0.89,0.81,18.75,24.85,0.01,2.24,19.22,0.35,0.01,0.16,0.02,0.43,0,0,0,0,0,0,0,0,1,0,0,1,0,1
"89",0,0,0,0,0,0,0,0,0,1,0,0,0.05,0,1000,1000,1,0,0,0,0,1,0,0,0,0,0,0,0,0,0,0,0,0,1,0,0,0,0,0,0,0,0,1,0,0,0,0,22.46,33.53,10.31,6.12,18.63,23.67,34.96,208.47,29.91,17.39,47.78,34.84,95.32,5.37,2.3,2.3,2.04,14.1,1.25,1.21,0.49,15.04,27.89,0.11,3.03,32.14,0.51,0.74,0.87,0.19,0.39,0,0,0,0,0,0,0,0,1,0,0,1,0,0
"90",0.3,0,1,0,0,0,0,0,0,0,0,0,0.22,0,25.35,2.55,1,0,0,0,0,1,0,0,0,0,0,0,0,0,0,0,0,0,1,0,0,0,0,0,1,0,0,0,0,0,0,4,44.32,51.04,9.67,6.39,17.83,27.59,57.46,300.7,31.61,33.48,47.49,19.03,94.93,5.17,4.55,4.55,1.62,31.2,0.66,0.38,0.84,16.74,26.63,0.61,2.29,14.67,0.42,1.48,0.66,0.75,1.05,0,0,0,0,0,0,0,0,1,0,0,1,0,1
"91",0.7,0,1,0,0,0,0,0,0,0,0.87,0.99,0.99,0.95,6.35,1.55,1,0,0,0,0,1,0,0,0,0,0,0,0,0,0,0,0,0,0,1,0,0,0,0,0,0,0,1,0,0,0,3,50.36,62.45,11.31,6.72,19.24,26.33,55.88,297.11,39.9,43.58,47.84,8.58,97.93,2.72,2.32,2.32,0.39,42.14,1.05,0.09,0.62,14.45,31.85,0.17,0.66,6.13,0.29,0.82,0.62,0.16,0.56,1,0,0,0,0,0,0,0,0,0,0,1,0,1
"92",0.2,0,0,0,0,0,0,0,0,1,0.94,0.8,0.79,0,13.42,1000,1,0,0,0,0,1,0,0,0,0,0,0,0,0,0,0,0,0,0,1,0,0,0,0,0,0,0,1,0,0,0,3,53.82,62.79,12.06,6.05,19.68,24.47,48.37,118.1,27.8,39.17,47.42,13.41,94.57,3.87,1.99,1.99,3.35,35,0.82,0.52,0.7,18.34,25.52,0.14,2.2,11.13,0.43,0.65,0.78,0.21,0.2,0,0,0,0,0,0,0,0,1,0,0,1,0,0
"93",0.1,0,1,0,0,0,0,0,0,0,0,0,0.03,0,4.8,2.88,1,0,0,0,0,1,0,0,0,0,0,0,0,0,0,0,0,0,0,1,0,0,0,1,0,0,0,0,0,0,0,5,46.64,44.6,15.75,10.27,23.28,29.3,54.58,248.07,46.92,53.14,21.36,25.5,96.66,1.5,16.91,16.91,0,52.4,0.74,0.24,2.63,5.98,11.77,0.34,0.41,8.82,0.1,0.36,15.97,0.11,0.14,0,0,0,0,0,0,0,0,1,0,0,1,0,1
"94",1,0,0,0,0,0,1,0,0,0,0.96,0.99,0.94,0.92,1.75,0.88,1,0,0,0,0,1,0,0,0,0,0,0,0,0,0,0,0,0,0,1,0,0,0,0,0,0,0,1,0,0,0,3,36.67,41.02,8.12,6.21,18.34,23.77,50.07,282.62,34.98,43,32.68,24.32,97.87,2.7,13.37,13.37,0,42.32,0.68,0.36,0.65,7.74,22.52,0.66,0.75,11.38,0.23,0.46,11.22,0.66,0.37,0,0,0,0,0,0,0,1,0,0,0,1,0,1
"95",0.1,0,1,0,0,0,0,0,0,0,0,0,0.18,0,3.23,2.5,1,0,0,0,0,1,0,0,0,0,0,0,0,0,0,0,0,0,0,1,0,0,0,0,0,1,0,0,0,0,0,4,37.64,60.89,10.61,6.51,18.29,27.63,51.81,359.11,41.02,32.12,42.51,25.37,98.81,2.83,5.08,5.08,0.04,31.52,0.56,0.06,0.07,7.25,34.45,0.12,0.56,20.16,0.25,0.36,3.13,0.66,0.8,0,0,0,0,0,0,0,0,1,0,0,1,0,1
"96",0,0,0,0,0,1,0,0,0,0,0,0,0.06,0,10.99,2.64,1,0,0,0,0,1,0,0,0,0,0,0,0,0,0,0,0,0,0,1,0,0,0,0,0,1,0,0,0,0,0,1,19.84,43.8,11,6.08,19.2,23.61,36.45,208.25,20.48,51.32,28.52,20.16,97.05,3.39,12.6,12.6,0.7,48.9,1.72,1.09,0.84,9.59,15.39,0.43,1.18,7.89,0.11,0.17,11.62,0.15,0.23,0,0,0,0,0,0,0,0,1,0,0,1,0,1
"97",0,0,0,0,0,1,0,0,0,0,0,0,0.08,0,4.82,2.22,1,0,0,0,0,1,0,0,0,0,0,0,0,0,0,0,0,0,0,1,0,0,0,0,0,1,0,0,0,0,0,0,20.13,34.26,12.18,5.92,19.62,22.89,37.71,216.98,19.51,42.94,36.73,20.33,97.4,3.73,6.26,6.26,0.17,41.16,1.62,0.48,1,9.05,24.69,0.35,1.16,13.77,0.65,0.85,4.75,0.1,0.21,0,0,0,0,0,0,0,0,1,0,0,1,0,1
"98",0,0,0,0,0,1,0,0,0,0,0,0,0.23,0,1000,186.2,0,1,0,0,0,0,1,0,0,0,0,0,0,0,0,0,0,0,0,1,0,0,0,0,0,1,0,0,0,0,0,1,21.48,39.25,12.21,5.93,17.18,22.36,40.78,255.12,25.02,27.78,59.13,13.09,89.99,2.89,6.43,6.43,2.13,25.26,0.39,0.86,2.96,5.66,48.18,1.34,0.13,7.85,0.15,2.17,0.7,1.89,0.33,0,0,0,0,0,0,0,0,1,0,1,0,0,1
"99",0.4,0,0,0,0,0,0,0,1,0,0,0,0.12,0,5.56,940.6,0,1,1,0,0,0,0,0,0,0,0,0,0,0,0,0,0,0,0,1,0,0,0,0,0,0,0,0,0,1,0,4,51.64,73.92,14.61,6.45,20.63,43.1,77.22,263.34,24.8,46.98,45.08,7.94,96.63,1.59,3.5,3.5,1.39,45.16,0.43,0.18,0.54,5.05,39,0.06,0.24,4.44,0.06,0.86,1.72,0.4,0.45,0,0,0,0,0,0,0,0,1,1,0,0,0,0
"100",0.6,0,0,0,0,0,0,1,0,0,0.991,0.95,0.96,0,0.73,1000,1,0,0,0,1,0,0,0,0,0,0,0,0,0,0,0,0,0,0,0,1,0,0,0,0,0,1,0,0,0,0,7,41.93,55.67,72.94,53.25,96.94,54.48,56.08,228.48,32.5,57.91,26.88,15.21,81.23,0.79,10.64,10.64,10.14,47.53,0.25,0.88,0.8,4.28,19.98,0.74,0.2,5.16,0.13,6.86,2.84,0.08,0.12,0,0,0,0,0,0,0,0,1,0,0,1,0,0
"101",0.2,0,1,0,0,0,0,0,0,0,0.96,0.99,0.99,0.97,14.3,2.97,1,0,0,0,0,1,0,0,0,0,0,0,0,0,0,0,0,0,0,0,1,0,0,0,0,0,0,1,0,0,0,4,41.88,31.5,16.63,8.51,22.1,32.36,60.68,241.15,35.92,43.61,35.28,21.11,79.54,2.22,14.99,14.99,11.18,32.27,0.16,0.94,0.82,5.59,26.53,0.93,0.47,6.89,0.15,6.26,6.38,1.27,0.16,0,0,1,0,0,0,0,0,0,0,0,1,0,1
"102",0.2,0,1,0,0,0,0,0,0,0,0,0,0.33,0,61.06,5.19,1,0,0,0,0,1,0,0,0,0,0,0,0,0,0,0,0,0,0,0,1,0,0,0,0,1,0,0,0,0,0,3,48.27,71.94,11.56,6.37,17.42,23.45,58.05,356.66,34.77,50.49,32.82,16.7,82.66,3.22,10.97,10.97,9.47,40.04,0.98,0.25,0.73,4.28,26.45,0.54,0.57,6.12,0.15,6.61,2.29,0.28,1.24,0,0,0,0,0,0,0,0,1,0,0,1,0,1
"103",0.4,0,0,0,0,0,0,1,0,0,0.85,0.9,0.97,0,6.03,1000,1,0,0,0,0,1,0,0,0,0,0,0,0,0,0,0,0,0,0,0,1,0,0,1,0,0,0,0,0,0,0,4,34.69,115.93,17.95,10.45,24.94,26.16,56.6,160.49,21.01,44.21,31.05,24.74,73.59,3.15,18.23,18.23,13.43,29.96,0.82,0.5,0.16,6.23,21.64,2.19,0.32,8.06,0.64,11.67,3.01,0.65,0.71,0,0,0,0,0,0,0,0,1,0,0,1,0,0
"104",0.3,0,0,0,0,0,0,1,0,0,0.6,0.6,0.74,0,6.7,1000,1,0,0,0,0,1,0,0,0,0,0,0,0,0,0,0,0,0,0,0,1,0,0,1,0,0,0,0,0,0,0,4,38.1,90.4,16.37,7.57,21.07,25.09,48.18,120.9,21.92,46.72,32.36,20.91,70.89,5.55,17.61,17.61,18.05,27.61,1.07,0.61,0.24,5,22.78,3.25,0.49,6.26,0.29,8.45,2.21,1.77,1.93,0,0,0,0,0,0,0,0,1,0,0,1,0,0
"105",0.3,0,0,0,0,0,0,0,0,1,0,0,0,0,6.86,1000,1,0,0,0,0,1,0,0,0,0,0,0,0,0,0,0,0,0,0,0,1,0,0,0,0,1,0,0,0,0,0,2,26.52,61.06,14.03,6.43,18.98,22.03,40.82,118.45,29.15,60.53,27.28,12.2,87.62,1.69,7.35,7.35,6.2,53.8,0.52,0.18,0.33,6.45,19.73,0.35,0.23,5.09,0.1,4.88,1.29,0.79,0.04,0,0,0,0,0,0,0,0,1,0,0,1,0,0
"106",0.1,0,1,0,0,0,0,0,0,0,0,0,0,0,227.8,24.46,1,0,0,0,0,1,0,0,0,0,0,0,0,0,0,0,0,0,0,0,1,0,0,1,0,0,0,0,0,0,0,3,34.32,45.16,11.04,6.56,19.49,24.89,46.02,316.69,36.83,66.9,15.5,17.6,91.06,5.93,16.36,16.36,1.04,64.82,1.05,0.13,1.74,3.36,8.84,1.13,0.29,2.14,0.22,4.49,6.39,1.55,2.82,0,0,0,0,0,0,0,0,1,0,0,1,0,1
"107",0.2,0,0,0,1,0,0,0,0,0,0,0,0.11,0,9.22,1000,1,0,0,0,0,1,0,0,0,0,0,0,0,0,0,0,0,0,0,0,1,0,0,0,0,1,0,0,0,0,0,2,27.13,58.05,5.5,5.99,16.88,26.06,41.76,239.34,21.37,54.56,33.26,12.18,87.65,1.72,9.21,9.21,4.66,49.38,0.52,0.05,0.66,4.8,27.51,0.09,0.15,2.83,0.22,6.3,2,0.68,0.14,0,0,0,0,0,0,0,0,1,0,0,1,0,0
"108",0.3,0,1,0,0,0,0,0,0,0,0.6,0.87,0.92,0.69,18.82,2.29,1,0,0,0,0,1,0,0,0,0,0,0,0,0,0,0,0,0,0,0,1,0,0,0,1,0,0,0,0,0,0,3,32.4,60.42,7.13,6.74,18.59,34.31,39.09,298.07,30.51,60.7,24.06,15.24,81.83,2.73,11.22,11.22,10.91,49.13,0.65,0.35,0.35,4.67,17.99,0.08,0.63,3.77,0.32,5.67,4.36,0.9,0.22,0,0,0,0,0,0,0,0,1,0,0,1,0,1
"109",0.1,0,0,0,1,0,0,0,0,0,0,0,0,0,28.14,1000,1,0,0,0,0,1,0,0,0,0,0,0,0,0,0,0,0,0,0,0,1,0,0,0,1,0,0,0,0,0,0,0,23.2,31.14,5.62,6.27,17.17,22.55,32.48,114.69,29.57,46.91,41.67,11.42,98.49,2.82,4.81,4.81,0.16,46.12,0.63,0.69,0.21,13.89,25.9,0.2,0.77,6.42,0.39,0.22,3.37,0.22,0.8,0,0,0,0,0,0,0,0,1,0,0,1,0,0
"110",0.3,0,0,0,0,0,0,0,0,1,0,0,0,0,7.39,1000,1,0,0,0,0,1,0,0,0,0,0,0,0,0,0,0,0,0,0,0,1,0,1,0,0,0,0,0,0,0,0,1,21,42.29,6.16,6.29,17.29,23.38,35.18,150.31,30.02,46.37,39.82,13.81,97.02,2.15,7.26,7.26,0.61,45.2,0.56,1.24,0.35,12.64,24.38,0.51,0.71,6.89,0.17,0.33,5.71,0.45,0.26,0,0,0,0,0,0,0,0,1,0,0,1,0,0
"111",0.3,0,0,0,1,0,0,0,0,0,0,0,0,0,8.92,1000,1,0,0,0,0,1,0,0,0,0,0,0,0,0,0,0,0,0,0,0,1,1,0,0,0,0,0,0,0,0,0,1,22.47,62.53,6.81,5.86,17.52,25.17,30.73,108.28,21.74,51.23,37.8,10.97,97.95,1.39,3.76,3.76,0.59,50.13,0.51,0.05,1.13,10.95,25.27,0.03,0.36,7.03,0.21,0.25,3.17,0.01,0.3,0,0,0,0,0,0,0,0,1,0,0,1,0,0
"112",0,0,0,0,0,1,0,0,0,0,0,0,0,0,7.14,462.1,1,0,0,0,0,1,0,0,0,0,0,0,0,0,0,0,0,0,0,0,1,0,0,0,1,0,0,0,0,0,0,2,30.74,53.27,6.57,6.21,18.07,23.74,37.06,194.5,22.14,33.63,48.38,17.99,98.56,2.69,3.41,3.41,0.62,32.42,0.59,0.04,0.32,12.49,34.48,0.14,0.91,14.31,0.41,0.23,2.27,0.24,0.54,0,0,0,0,0,0,0,0,1,0,0,1,0,1
"113",0.3,0,0,0,0,1,0,0,0,0,0,0,0,0,14.69,1.9,1,0,0,0,0,1,0,0,0,0,0,0,0,0,0,0,0,0,0,0,1,1,0,0,0,0,0,0,0,0,0,1,25.88,33.11,6.88,5.68,17.1,21.79,35.51,314.6,37.22,51.81,36.57,11.63,97.46,3.42,5.49,5.49,0.21,50.91,0.68,0.12,0.97,7.7,26.48,0.73,0.56,6.78,0.09,0.67,2,0.56,1.54,0,0,0,0,0,0,0,0,1,0,0,1,0,1
"114",0,0,0,0,0,1,0,0,0,0,0,0,0,0,28.03,3.99,1,0,0,0,0,1,0,0,0,0,0,0,0,0,0,0,0,0,0,0,1,0,0,0,0,1,0,0,0,0,0,2,26.39,39.34,5.55,5.92,17.71,22.87,0,267.17,41.39,28.17,53.36,18.47,95.63,3.03,4.88,4.88,1.54,26.24,0.38,0.29,1.24,14.73,34.95,0.95,1.21,14.46,0.07,1.02,1.55,0.29,1.08,0,0,0,0,0,0,0,0,1,0,0,1,0,1
"115",0.6,0,0,0,0,1,0,0,0,0,0,0,0.2,0,9,1.67,1,0,0,0,0,1,0,0,0,0,1,0,0,0,0,0,0,0,0,0,0,0,0,0,0,0,0,0,0,0,1,4,32.93,70.43,7.36,6.65,20.67,45.44,44.9,176.47,40.54,40.27,45.25,14.48,97.85,1.41,4.06,4.06,0.59,39.16,0.52,0.31,0.61,13.19,30.37,0.29,0.48,10.56,0.15,0.44,3.06,0.2,0.07,0,0,0,0,0,0,0,0,1,0,0,1,0,1
"116",0.1,0,0,0,0,1,0,0,0,0,0,0,0,0,30.27,2.81,1,0,0,0,0,1,0,0,0,0,1,0,0,0,0,0,0,0,0,0,0,0,0,0,0,1,0,0,0,0,0,3,30.36,55.23,6.2,5.83,16.96,45.51,35.11,182.67,30.36,48.26,38.34,13.4,98.13,1.8,4.98,4.98,0.08,47.53,0.65,0.44,0.9,9.55,26.52,0.44,0.49,8.55,0.3,0.19,4.01,0.27,0.08,0,0,0,0,0,0,0,0,1,0,0,1,0,1
"117",0.2,0,1,0,0,0,0,0,0,0,0,0,0,0,159.1,2.19,1,0,0,0,0,1,0,0,0,0,1,0,0,0,0,0,0,0,0,0,0,0,0,0,0,0,0,1,0,0,0,2,36.01,36.98,5.29,6.1,17.96,22.05,36.51,332.97,35.72,36.93,48.94,14.13,97.04,2.95,3.67,3.67,1.46,34.8,0.67,0.06,0.8,14.48,31.36,0.6,1.64,10.76,0.3,0.52,2.2,0.12,0.23,0,0,0,0,0,0,0,0,1,0,0,1,0,1
"118",0.1,0,1,0,0,0,0,0,0,0,0,0,0,0,2.47,0.82,1,0,0,0,0,1,0,0,0,0,1,0,0,0,0,0,0,0,0,0,0,0,0,0,0,1,0,0,0,0,0,3,35.49,49.09,4.7,5.85,16.3,43.06,40.18,288.35,79.07,35.22,47.4,17.38,98.82,2.34,3.25,3.25,0.3,34.25,0.67,0.23,0.22,13.5,32.38,0.18,0.89,13.91,0.39,0.25,2.43,0.18,0.21,0,0,0,0,0,0,0,0,1,0,0,1,0,1
"119",0,0,0,0,0,1,0,0,0,0,0,0,0,0,8.08,3.16,1,0,0,0,0,1,0,0,0,0,1,0,0,0,0,0,0,0,0,0,0,0,0,1,0,0,0,0,0,0,0,3,30.71,65.49,4.56,6.04,17.35,53.33,33.81,290.04,63.03,37.04,32.9,30.06,92.27,3.09,24.7,24.7,0,36.78,0.26,4.53,1.12,8.47,16.33,1.84,0.62,7.01,0.18,0.31,20.52,1.78,0.25,0,0,0,0,0,0,0,0,1,0,0,1,0,1
"120",0.2,0,0,0,1,0,0,0,0,0,0,0,0,0,6.12,1000,1,0,0,0,0,1,0,1,0,0,0,0,0,0,0,0,0,0,0,0,0,0,0,0,0,1,0,0,0,0,0,2,25.97,49.54,7.25,5.99,17.02,23.83,32.78,127.06,22.69,53.24,32.91,13.85,97.01,2.7,5.54,5.54,1.89,50.04,1.31,0.09,0.67,8.81,22.33,0.3,0.71,8.33,0.27,0.19,4.65,0.14,0.26,0,0,0,0,0,0,0,0,1,0,0,1,0,0
"121",0.7,0,0,0,0,0,0,0,0,1,0,0,0,0,3.53,1000,1,0,0,0,0,1,0,0,0,0,0,1,0,0,0,0,0,0,0,0,0,0,0,0,0,0,0,0,0,1,0,6,32.58,46.11,21.25,26.45,56.45,23.72,46.94,126.9,28.79,46.38,37.11,16.51,97.2,4.35,7.16,7.16,0.74,43.89,1.75,0.18,0.95,11.25,22.45,0.62,1.65,9.73,0.24,0.48,5.36,0.44,0.26,0,0,0,0,0,0,0,0,1,0,0,1,0,0
"122",1,0,0,0,0,0,1,0,0,0,0.981,0.998,1,0.92,7.96,1.23,1,0,0,0,0,1,0,0,0,0,0,1,0,0,0,0,0,0,0,0,0,0,0,0,0,1,0,0,0,0,0,6,34.6,70.75,17,17.34,31.82,57.05,37.5,175.83,38.88,49.19,36.65,14.16,97.76,1.6,10.53,10.53,0.18,48.57,0.43,1.29,0.18,10.31,24.5,0.3,0.08,3.77,0.15,0.05,9.25,0.53,0.4,0,0,0,0,1,0,0,0,0,0,0,1,0,1
"123",0,0,1,0,0,0,0,0,0,0,0,0,0,0,4.89,3.06,1,0,0,0,0,1,0,1,0,0,0,0,0,0,0,0,0,0,0,0,0,0,0,0,0,0,0,1,0,0,0,1,17.62,45.23,6.5,6.14,17.35,21.13,31.26,255.13,46.62,51.81,32.53,15.66,96.16,4.48,10.12,10.12,1.39,49.11,1.3,0.09,0.28,10.25,19.87,0.68,1.37,5.97,0.26,1.19,6.69,0.89,0.67,0,0,0,0,0,0,0,0,1,0,0,1,0,1
"124",0,0,0,0,0,1,0,0,0,0,0,0,0,0,6.05,1.11,1,0,0,0,0,1,0,1,0,0,0,0,0,0,0,0,0,0,0,0,0,0,0,0,0,0,0,1,0,0,0,2,26.58,55.87,6.21,5.71,16.67,23.35,34.19,179.22,32.7,40.81,42.65,16.54,96.51,4.38,7.27,7.27,0.88,38.34,1.58,0.83,0.88,12.31,26.99,0.27,1.36,9.13,0.41,0.47,5.51,0.43,0.6,0,0,0,0,0,0,0,0,1,0,0,1,0,1
"125",0,0,0,0,1,0,0,0,0,0,0,0,0,0,1000,1000,1,0,0,0,0,1,0,1,0,0,0,0,0,0,0,0,0,0,0,0,0,0,0,0,1,0,0,0,0,0,0,1,22.68,37.37,9.29,6.01,18.12,24.06,30.15,122.62,22.99,38.5,45.42,16.08,97.26,5.56,4.26,4.26,0.65,36.14,1.71,0.38,0.65,10.9,30.86,0.29,2.34,11.54,0.57,0.59,2.44,0.48,0.46,0,0,0,0,0,0,0,0,1,0,0,1,0,0
"126",0.2,0,0,0,0,1,0,0,0,0,0,0,0,0,217.1,107.1,1,0,0,0,0,1,0,0,0,0,0,1,0,0,0,0,0,0,0,0,0,0,0,0,0,0,0,0,0,1,0,1,21.3,32.53,13,14.12,32.78,26.06,31.49,236.96,33,39.45,40.02,20.53,96.59,3.3,5.47,5.47,1.15,37.18,1.13,0.58,1.15,9.4,27.49,0.23,1.17,14.93,0.36,0.29,4.3,0.25,0.39,0,0,0,0,0,0,0,0,1,0,0,0,1,1
"127",0.33,0,0,0,1,0,0,0,0,0,0,0,0.6,0,112.6,1000,1,0,0,0,0,1,0,1,0,0,0,0,0,0,0,0,0,0,0,0,0,0,0,0,0,0,0,1,0,0,0,1,25.59,32.98,6.78,6.24,17.83,27.21,33.95,164.93,32.11,26.69,44.29,29.02,98.97,6.75,4.55,4.55,0.32,24.88,1.49,0.09,0.32,14.61,25.53,0.2,3.54,23.79,0.88,0.25,3.26,0.05,0.79,0,0,0,0,0,0,0,0,1,1,0,0,0,0
"128",0.2,0,0,0,0,1,0,0,0,0,0,0,0.02,0,6.31,2.16,1,0,0,0,0,1,0,1,0,0,0,0,0,0,0,0,0,0,0,0,0,0,0,0,0,0,0,1,0,0,0,1,32.16,33.21,7.29,6.08,18.97,25.7,31.15,190.27,38.48,54.26,33.79,11.94,97.33,6.01,6.13,6.13,0.4,50.9,2.96,0.29,1.1,10.65,19.5,0.38,1.87,5.84,0.36,0.68,4.24,0.2,0.62,0,0,0,0,0,0,0,0,1,1,0,0,0,1
"129",0.1,0,0,0,0,1,0,0,0,0,0,0,0.03,0,7.99,8.04,1,0,0,0,0,1,0,1,0,0,0,0,0,0,0,0,0,0,0,0,0,0,0,1,0,0,0,0,0,0,0,1,21.03,37.69,8.66,7.93,21.53,26.19,30.31,142.42,22.26,49.14,35.4,15.46,96.6,3.59,4.87,4.87,1.42,46.77,0.94,0.04,0.97,8.52,23.26,0.88,1.75,10.83,0.64,0.9,2.83,0.07,0.19,0,0,0,0,0,0,0,0,1,1,0,0,0,1
"130",1,0,0,0,0,1,0,0,0,0,0.94,0.999,0.96,0.91,9.16,1.32,1,0,0,0,0,1,0,0,0,0,0,1,0,0,0,0,0,0,0,0,0,0,0,0,0,0,0,0,0,1,0,3,31.5,46.37,7.85,7.83,22.84,46.72,37.83,314.8,44.63,49.23,35.44,15.33,97.43,5.17,5.58,5.58,0.72,46.52,1.99,0.1,0.77,7.88,24.19,0.89,1.6,10.06,0.58,0.54,3.16,0.44,0.55,0,0,0,0,0,0,1,0,0,1,0,0,0,1
"131",0.1,0,0,0,0,1,0,0,0,0,0,0,0,0,136.3,14.06,1,0,0,0,0,1,0,1,0,0,0,0,0,0,0,0,0,0,0,0,0,0,0,0,0,0,0,1,0,0,0,3,23.27,40.77,12.18,13.45,30.5,27.94,41.51,197.39,38.1,57.71,26.13,16.16,95.15,4.88,10.92,10.92,1.12,54.43,2.16,0.43,1.12,4.97,18.17,0.38,1.07,5.31,0.31,1.02,8.18,1.16,0.18,0,0,0,0,0,0,0,0,1,1,0,0,0,1
"132",0.2,0,0,0,1,0,0,0,0,0,0,0,0,0,29.93,1000,1,0,0,0,0,1,0,1,0,0,0,0,0,0,0,0,0,0,0,0,0,0,0,0,0,0,0,1,0,0,0,3,27.64,42.31,11.01,13.3,31.26,26.92,31.37,136.48,23.27,39.59,31.23,29.18,98.39,18.5,10.05,10.05,0.11,36.89,2.59,0.11,0.23,8.74,17.13,0.47,4.55,10.73,8.86,0.66,6.44,0.5,1.98,0,0,0,0,0,0,0,0,1,1,0,0,0,0
"133",1,0,0,1,0,0,0,0,0,0,0.9975,0.999,0.98,0.99,11.72,1000,1,0,0,0,0,1,0,0,0,0,0,1,0,0,0,0,0,0,0,0,0,0,0,0,0,1,0,0,0,0,0,4,33.42,59.48,9.2,11.26,26.16,25.7,44.15,120.38,30.76,52.19,34.63,13.18,95.24,4.15,6.74,6.74,1.17,50.06,0.97,0.05,2.33,7.45,23.28,0.04,1.48,6.12,0.37,0.43,4.94,0.78,0.55,0,0,0,0,0,1,0,0,0,0,0,0,1,0
"134",0,0,0,0,1,0,0,0,0,0,0,0,0.16,0,146.2,1000,1,0,0,0,0,1,0,1,0,0,0,0,0,0,0,0,0,0,0,0,0,0,0,0,1,0,0,0,0,0,0,1,23.86,60.97,10.16,9.02,24.49,24.82,29.91,126.73,32.23,45.84,34.41,19.76,98.25,3.23,5.46,5.46,0.85,44.14,0.85,0.23,0.21,7.54,24.9,0.34,1.18,14.11,0.52,0.32,4.13,0.14,0.54,0,0,0,0,0,0,0,0,1,1,0,0,0,0
"136",1,1,0,0,0,0,0,0,0,0,0.9927,0.989,0.92,0.69,5.07,1000,1,0,0,0,0,1,0,0,0,0,0,1,0,0,0,0,0,0,0,0,0,0,0,0,0,0,0,0,0,0,1,2,32.17,43.88,8.19,3.5,18.97,5.58,39.8,120.23,22.02,38.66,38.56,22.77,98.25,9.09,13.18,13.18,0,37.87,0.79,0.32,0.65,12.56,24.44,0.35,0.25,9.93,0.01,0.44,4.35,0.33,7.7,0,0,0,0,0,0,0,0,1,0,0,1,0,0
"137",0.6,0,1,0,0,0,0,0,0,0,0,0,0.55,0,12.74,0.27,1,0,0,0,0,1,0,0,1,0,0,0,0,0,0,0,0,0,0,0,0,0,0,0,0,0,0,1,0,0,0,6,33.55,46.84,32.67,30.87,52.16,55.81,39.06,337.38,54.78,52.14,38.28,9.58,96.76,3.58,5.08,5.08,0,49.84,2.3,1.68,0.22,11.37,23.7,1.3,0.01,5.71,0.09,0.84,1.76,0.49,0.69,0,0,0,0,0,0,0,0,1,1,0,0,0,1
"138",0.9,0,0,0,0,0,1,0,0,0,0.9794,0.999,0.99,0.97,1.62,0.23,1,0,0,0,0,1,0,0,1,0,0,0,0,0,0,0,0,0,0,0,0,0,0,0,0,0,0,1,0,0,0,6,30.64,56.66,48.81,54.2,76.9,82.47,38.21,194.64,66.44,43.74,42.97,13.28,96.34,2.76,3.72,3.72,0,43.51,0.23,2.37,0.23,13.96,26.16,0.14,0.1,9.44,0.27,0.23,1.19,0.83,1.33,0,0,0,0,0,0,0,0,1,1,0,0,0,1
"139",1,0,1,0,0,0,0,0,0,0,0.9482,0.994,0.98,0.99,5.03,0.62,1,0,0,0,0,1,0,0,1,0,0,0,0,0,0,0,0,0,0,0,0,0,0,0,1,0,0,0,0,0,0,7,36.35,59.86,35.5,30.98,51.74,102.82,45.09,259.77,58.52,43.13,43.41,13.47,94.75,4.89,6.32,6.32,0,41.33,1.8,2.19,0.8,11.78,27.49,1.04,0.12,7.83,0.35,0.74,1.92,1.53,1.1,0,0,0,0,0,0,0,0,1,1,0,0,0,1
"140",0.7,1,0,0,0,0,0,0,0,0,0.9967,0.999,0.95,0.89,4.92,1000,1,0,0,0,0,1,0,0,1,0,0,0,0,0,0,0,0,0,0,0,0,0,0,0,0,0,0,1,0,0,0,1,23.67,43.3,0.47,0,6.97,5.1,31.68,129.49,20.43,43.45,42.72,13.83,96.79,2.73,4.45,4.45,0,42.57,0.87,1.53,0.22,12.18,28.27,0.47,0.04,9.82,0.05,0.53,1.68,0.93,0.83,0,0,0,0,0,0,0,0,1,0,1,0,0,0
"141",0.6,0,1,0,0,0,0,0,0,0,0,0,0.57,0,16.13,0.58,1,0,0,0,0,1,0,0,1,0,0,0,0,0,0,0,0,0,0,0,0,0,0,0,0,1,0,0,0,0,0,6,30.26,60.74,36.86,33.33,54.5,80.76,41.03,303.28,52.31,48.71,39.73,11.57,95.94,3.38,4.46,4.46,0,47.04,1.67,1.92,0.3,12.76,24.07,0.51,0.17,7.43,0.18,0.71,1.88,1.14,0.23,0,0,0,0,0,0,0,0,1,1,0,0,0,1
"142",1,0,0,1,0,0,0,0,0,0,0.9976,0.999,0.99,0.98,3.64,1000,1,0,0,0,0,1,0,0,1,0,0,0,0,0,0,0,0,0,0,0,0,0,0,0,1,0,0,0,0,0,0,5,27.92,43.15,40.14,39.19,59.71,9.87,34.39,135.89,26.13,44.7,43.67,11.63,97.32,2.44,2.89,2.89,0,43.7,1,2.04,0.02,12.18,29.11,0.19,0.13,8.83,0.11,0.4,1.09,0.21,0.99,0,0,0,0,0,0,0,0,1,0,0,0,1,0
"143",0.9,0,0,0,0,0,0,0,1,0,0,0,0,0,1.39,1000,1,0,0,0,0,1,0,0,1,0,0,0,0,0,0,0,0,0,0,0,0,0,0,0,1,0,0,0,0,0,0,7,42.58,63.98,59.4,54.33,84.29,135.09,46.63,141.17,18.8,50.62,35.38,14,96.81,2.3,3.17,3.17,0,49.84,0.78,1.88,0.32,11.41,21.42,0.28,0.07,11.01,0.1,0.1,1.43,0.89,0.47,0,0,0,0,0,0,0,0,1,1,0,0,0,0
"144",0.7,0,0,0,0,1,0,0,0,0,0.9159,0.992,0.94,0.89,4.58,0.4,1,0,0,0,0,1,0,0,1,0,0,0,0,0,0,0,0,0,0,0,0,0,0,0,0,1,0,0,0,0,0,6,30.36,59.17,32.19,25.22,46.47,91.69,42.34,262.19,53.02,43.37,44.24,12.4,97.71,3.1,3.87,3.87,0,41.83,1.54,1.7,0.11,13.38,27.73,1.28,0.04,9.48,0.32,0.17,1.22,0.3,0.9,0,0,0,0,0,0,0,0,1,1,0,0,0,1
"145",0.9,0,1,0,0,0,0,0,0,0,0,0,0.73,0,2.65,0.52,1,0,0,0,0,1,0,0,1,0,0,0,0,0,0,0,0,0,0,0,0,0,0,0,0,0,0,1,0,0,0,6,32.66,52.95,20.76,15.24,33.47,55.85,37.92,291.57,63.12,39.22,48.74,12.04,96.64,2.87,3.64,3.64,0,38.01,1.21,1.9,0.43,12.11,33.42,0.77,0.1,9.12,0.05,0.39,0.97,0.64,0.87,0,0,0,0,0,0,0,0,1,1,0,0,0,1
"146",0.8,0,1,0,0,0,0,0,0,0,0.917,0.993,0.98,0.95,7.52,0.76,1,0,0,0,0,1,0,0,1,0,0,0,0,0,0,0,0,0,0,0,0,0,0,0,1,0,0,0,0,0,0,7,45.09,61.94,39.52,39.55,57.33,110.47,60.44,187.75,38.93,45.42,42.5,12.08,96.44,2.96,4.55,4.55,0,44.17,1.24,2.27,0.24,11.47,26.81,1.53,0.18,8.94,0.12,0.52,1.09,0.53,0.88,0,0,0,0,0,0,0,0,1,1,0,0,0,1
"147",0.9,0,0,0,0,1,0,0,0,0,0.98,0.999,0.99,0.98,2.9,0.44,1,0,0,0,0,1,0,0,1,0,0,0,0,0,0,0,0,0,0,0,0,0,0,0,0,0,0,0,0,0,1,7,30.42,54.2,47.75,43.76,69.69,95.18,43.19,271.45,48.9,46.15,42.28,11.57,97.25,4.67,5.86,5.86,0,45.26,0.89,1.03,0.54,10.34,26.17,1.97,2.23,7.56,0.13,0.18,2.29,1.01,0.41,0,0,0,0,0,0,0,0,1,1,0,0,0,1
"148",0.2,0,1,0,0,0,0,0,0,0,0,0,0.79,0,83.5,3.44,1,0,0,0,0,1,0,0,1,0,0,0,0,0,0,0,0,0,0,0,0,0,0,0,1,0,0,0,0,0,0,1,23.1,40.8,1.51,0,4.7,5.06,29.52,253.65,37.88,47.04,42.13,10.83,96.72,2.81,3.4,3.4,0,45.57,1.47,2.18,0.28,12.11,27,0.5,0.07,7.72,0.21,0.54,1.3,0.29,0.78,0,0,0,0,0,0,0,0,1,1,0,0,0,1
"149",1,0,1,0,0,0,0,0,0,0,0.891,0.982,0.95,0.75,5.45,0.48,1,0,0,0,0,1,0,0,1,0,0,0,0,0,0,0,0,0,0,0,0,0,0,0,0,0,0,0,1,0,0,7,28.6,55.69,24.38,20.41,41.08,85,47.93,303.73,42.84,47.6,39.64,12.75,95.29,5.92,5.46,5.46,0,44.74,2.86,2.2,0.68,12.87,22.78,0.98,0.13,8.18,0.08,1.07,0.58,0.75,2.09,0,0,0,0,0,0,0,0,1,1,0,0,0,1
"150",0.7,0,0,0,0,1,0,0,0,0,0,0,0.63,0,4.81,0.52,1,0,0,0,0,1,0,0,1,0,0,0,0,0,0,0,0,0,0,0,0,0,0,0,0,0,0,1,0,0,0,6,33.34,52.45,31.29,27.37,41.51,83.34,42.14,172.43,46.35,43.45,43.49,13.06,96.73,4.56,4.98,4.98,0,41.25,2.2,1.79,0.33,12.64,27.66,0.9,0.17,8.92,0.06,0.14,1.81,1,1.12,0,0,0,0,0,0,0,0,1,1,0,0,0,1
"151",1,0,0,0,0,0,0,0,0,1,0.9828,0.84,0.82,0,2.76,1000,1,0,0,0,0,1,0,0,1,0,0,0,0,0,0,0,0,0,0,0,0,0,0,0,0,0,0,1,0,0,0,7,33.43,51.6,30.92,25.92,44.34,117.62,62.67,130.96,18.7,38.82,47.55,13.63,95.95,3.03,4.59,4.59,0,37.56,1.26,2.64,0.08,11.55,32.64,0.47,0.16,9.33,0.18,0.59,2.1,0.74,0.68,0,0,0,0,0,0,0,0,1,1,0,0,0,0
"152",0.7,0,1,0,0,0,0,0,0,0,0,0,0.72,0,15.92,0.71,1,0,0,0,0,1,0,0,1,0,0,0,0,0,0,0,0,0,0,0,0,0,0,0,0,0,0,1,0,0,0,3,30.56,46.86,13.5,8.26,23.1,48.64,32.5,286.52,38.07,46.32,42.29,11.38,96.46,3.32,4.28,4.28,0,44.85,1.48,1.7,0.8,9.94,28.59,1.06,0.21,7.7,0.47,0.65,1.41,0.4,0.77,0,0,0,0,0,0,0,0,1,1,0,0,0,1
"153",0.3,0,0,0,1,0,0,0,0,0,0,0,0.82,0,3.58,1000,1,0,0,0,0,1,0,0,1,0,0,0,0,0,0,0,0,0,0,0,0,0,0,0,0,0,0,1,0,0,0,5,25.17,45.82,19.93,16.09,29.96,6.97,35.1,145.52,19.93,47.4,40.46,12.14,96.36,2.49,4.12,4.12,0,46.42,0.99,1.99,0.39,10.07,26.96,0.92,0.12,8.8,0.15,0.59,1.37,0.67,0.56,0,0,0,0,0,0,0,0,1,0,1,0,0,0
"154",0.2,0,1,0,0,0,0,0,0,0,0,0,0,0,3.34,4.03,1,0,0,0,0,1,0,0,1,0,0,0,0,0,0,0,0,0,0,0,0,0,0,0,0,0,0,1,0,0,0,6,36.45,48.69,39.55,39.23,54.22,77.5,34.98,168.92,26.82,50.94,38.84,10.22,97.15,1.79,4.31,4.31,0,50.2,0.74,2.09,0.27,12.01,23.31,1.1,0.05,6.94,0.08,0.04,2.24,0.45,0.47,0,0,0,0,0,0,0,0,1,1,0,0,0,1
"155",0.4,0,1,0,0,0,0,0,0,0,0.685,0.95,0.96,0,13.82,0.76,1,0,0,0,0,1,0,0,1,0,0,0,0,0,0,0,0,0,0,0,0,0,0,0,0,0,0,1,0,0,0,6,31.77,46.66,24.53,21.39,36.43,73.11,39.04,308.53,51.27,41.1,45.14,13.76,96.34,4.21,5.62,5.62,0,38.55,2.55,2.21,0.37,13.89,27.34,1.08,0.24,9.01,0.21,0.98,2.35,0.1,1.11,0,0,0,0,0,0,0,0,1,1,0,0,0,1
"156",0.3,0,1,0,0,0,0,0,0,0,0,0,0,0,1.75,4.13,1,0,0,0,0,1,0,0,1,0,0,0,0,0,0,0,0,0,0,0,0,0,0,0,0,0,0,0,1,0,0,6,32.23,48.28,35.65,35.12,59.07,86.66,32.17,192.34,26.23,50.47,37.09,12.44,94.35,4.34,4.11,4.11,0,49.05,1.42,2.02,0.59,9.12,25.02,0.34,0,8.5,0.16,0.78,0.23,2.26,0.5,0,0,0,0,0,0,0,0,1,1,0,0,0,1
"157",0.9,0,0,1,0,0,0,0,0,0,0.9978,0.999,0.99,0.999,7.14,1000,1,0,0,0,0,1,0,0,0,0,0,0,1,0,0,0,0,0,0,0,0,0,0,0,1,0,0,0,0,0,0,3,26.81,42.3,8.99,5.02,14.88,7.21,42.56,56.73,28.47,59.39,26.41,14.2,97.26,2.67,11.38,11.38,0.27,58.18,0.95,0.4,0.96,6.79,17.2,0.69,0.37,3.18,0.33,0.5,9.17,0.62,0.4,0,0,0,0,0,0,0,0,1,1,0,0,0,0
"158",1,0,0,1,0,0,0,0,0,0,0.9962,0.999,0.99,0.999,10.08,1000,1,0,0,0,0,1,0,0,0,0,0,0,1,0,0,0,0,0,0,0,0,0,0,0,0,1,0,0,0,0,0,2,31.35,38.35,6.62,3.21,8.35,5.92,40.41,92.22,23.76,58.14,27.29,14.57,96.62,3.14,9.84,9.84,1.11,55.61,1.42,0.42,0.94,7.71,17.13,0.42,0.68,4.86,0.28,0.53,8.15,0.39,0.36,0,0,0,0,0,0,0,0,1,1,0,0,0,0
"159",1,1,0,0,0,0,0,0,0,0,0.9823,0.998,0.99,0.999,13.62,1000,1,0,0,0,0,1,0,0,0,0,0,0,1,0,0,0,0,0,0,0,0,0,0,0,1,0,0,0,0,0,0,2,29.78,39.17,1.52,0,2.05,5.07,34.57,48.95,25.68,65.14,22.68,12.18,98,1.24,8.72,8.72,0.48,63.83,0.83,0.25,0.63,6.42,14.94,0.19,0.23,3.62,0.05,0.61,7.78,0.03,0.1,0,0,0,0,0,0,0,0,1,1,0,0,0,0
"160",0.8,0,0,0,0,0,1,0,0,0,0.9771,0.999,0.99,0.99,5.02,1.38,1,0,0,0,0,1,0,0,0,0,0,0,1,0,0,0,0,0,0,0,0,0,0,0,0,1,0,0,0,0,0,3,32.43,44.98,8.68,4.45,15.44,41.96,40.99,262.34,127.25,73.76,15.69,10.55,98.5,1.95,8.28,8.28,0.06,72.3,1.4,0.15,0.91,3.06,11.36,0.16,0.06,2.28,0.14,0.29,7.48,0.09,0.27,0,0,0,0,0,0,0,0,1,1,0,0,0,1
"161",0.8,0,0,0,0,0,0,1,0,0,0.9986,0.999,0.99,0.999,2.89,1000,1,0,0,0,0,1,0,0,0,0,0,0,1,0,0,0,0,0,0,0,0,0,0,0,1,0,0,0,0,0,0,3,24.35,39.72,16.44,12.24,28.18,5.18,34.98,97.33,25.01,72.8,18.47,8.73,97.68,2.16,8.18,8.18,0.07,71.9,0.91,0.56,0.78,6.03,10.73,0.03,0.35,0.49,0.09,0.48,6.85,0.5,0.32,0,0,0,0,0,0,0,0,1,1,0,0,0,0
"162",0.9,0,0,0,0,0,0,1,0,0,0.9906,0.94,0.99,0.85,5.68,1000,1,0,0,0,0,1,0,0,0,0,0,0,1,0,0,0,0,0,0,0,0,0,0,1,0,0,0,0,0,0,0,2,27.53,38.45,9.39,4.16,13.04,4.25,31.03,53.04,22.38,57.43,28.14,14.42,98.31,1.55,9.16,9.16,0.85,56.99,0.45,0.24,0.91,7.89,18.4,0.14,0.58,5.35,0.05,0.4,8.15,0.15,0.32,0,0,0,0,0,0,0,0,1,1,0,0,0,0
"163",0.9,0,0,0,0,0,0,1,0,0,0.9948,0.999,0.99,0.999,3.26,1000,1,0,0,0,0,1,0,0,0,0,0,0,1,0,0,0,0,0,0,0,0,0,0,1,0,0,0,0,0,0,0,2,26.9,35.92,13.25,9.83,22.65,5.16,31.23,61.3,23.54,67.05,21.15,11.79,98.1,1.95,9.86,9.86,0.28,65.96,1.09,0.15,1.17,6.14,13.21,0.04,0.44,1.85,0.12,0.27,9.25,0.3,0.01,0,0,0,0,0,0,0,0,1,1,0,0,0,0
"164",0.6,0,0,0,0,1,0,0,0,0,0.9601,0.999,1,0.999,6.78,1.42,1,0,0,0,0,1,0,0,0,0,0,0,1,0,0,0,0,0,0,0,0,0,0,0,1,0,0,0,0,0,0,3,34.67,56.64,3.47,0,5.72,47.1,41.22,206.89,78.14,70.31,18.5,11.19,97.21,2.01,9.18,9.18,0.07,69.22,1.08,0.15,1.92,2.61,13,0.3,0.53,2.25,0.06,0.46,8.08,0.27,0.07,0,0,0,0,0,0,0,0,1,1,0,0,0,1
"165",0.6,0,0,0,0,1,0,0,0,0,0.8907,0.993,0.99,0.97,11.98,1.61,1,0,0,0,0,1,0,0,0,0,0,0,1,0,0,0,0,0,0,0,0,0,0,0,1,0,0,0,0,0,0,3,31.16,45.27,1.95,0,1.77,21.7,43.3,202.5,85.53,62.36,26.23,11.41,98.57,2.52,8.73,8.73,0.51,61.58,0.78,0.45,0.52,7.98,16.19,0.99,0.1,2.85,0.82,0.12,6.8,0.34,0.48,0,0,0,0,0,0,0,0,1,1,0,0,0,1
"166",1,0,0,0,0,1,0,0,0,0,0.8203,0.975,0.99,0.94,15.35,1.78,1,0,0,0,0,1,0,0,0,0,0,0,1,0,0,0,0,0,0,0,0,0,0,0,0,0,0,0,0,0,1,3,33.48,44.17,-0.32,0,-1.81,15.14,44.78,204.23,93.2,74.76,15.77,9.47,99,1.81,8.28,8.28,0.24,73.82,0.93,0.11,0.76,3.93,9.94,0.39,0.65,1.57,0.01,0.02,7.65,0.11,0.12,0,0,0,0,0,0,0,0,1,1,0,0,0,1
"167",1,0,0,0,0,0,1,0,0,0,0.9458,0.996,1,0.999,4.74,1,1,0,0,0,0,1,0,0,0,0,0,0,1,0,0,0,0,0,0,0,0,0,0,0,0,0,0,1,0,0,0,4,35.2,42.23,3.18,0,5.23,34.76,44.28,194.67,116.98,66.81,19.22,13.96,96.17,2.82,11.35,11.35,0.29,65.57,1.24,0.2,2.34,5.76,10.41,0.08,0.43,2.15,0.54,1.02,9.65,0.28,0.33,0,0,0,0,0,0,0,0,1,1,0,0,0,1
"168",0.8,0,0,0,0,1,0,0,0,0,0.9203,0.995,1,0.99,6.52,1.78,1,0,0,0,0,1,0,0,0,0,0,0,1,0,0,0,0,0,0,0,0,0,0,0,0,0,0,1,0,0,0,3,32.63,47.6,2.44,0,7.07,23.76,49.67,210.7,127,62.88,25.72,11.4,97.93,2.49,12.58,12.58,0.98,61.66,1.21,0.42,1.15,7.69,13.67,2.36,0.43,1.08,0.11,0.14,9.33,0.36,0.38,0,0,0,0,0,0,0,0,1,1,0,0,0,1
"169",1,1,0,0,0,0,0,0,0,0,0.9823,0.995,0.99,0.99,49.43,1000,1,0,0,0,0,1,0,0,0,0,0,0,1,0,0,0,0,0,0,0,0,0,0,0,1,0,0,0,0,0,0,1,21.19,42.87,1.88,0,2.48,4.91,34.54,50.71,29.47,61.26,26.67,12.07,94.56,4.68,10.42,10.42,0.72,59.73,1.53,0.37,3.03,8.63,12.76,1.08,0.79,1.77,0.96,1.39,6.55,0.65,0.75,0,0,0,0,0,0,0,0,1,0,1,0,0,0
"170",0.7,1,0,0,0,0,0,0,0,0,0.9977,0.998,0.99,0.98,2.72,1000,1,0,0,0,0,1,0,0,0,0,0,0,1,0,0,0,0,0,0,0,0,0,0,0,1,0,0,0,0,0,0,2,31,44.18,6.45,3.81,9.66,7.9,40.55,52.62,22.43,61.63,24.65,13.71,98.47,1.88,8.93,8.93,0.05,61.21,0.43,0.3,0.67,5.92,16.97,0.19,0.6,4.55,0.42,0.2,8.11,0.35,0.07,0,0,0,0,0,0,0,0,1,1,0,0,0,0
"171",0.9,0,0,0,0,0,0,1,0,0,0.9964,0.999,1,0.95,2.65,1000,1,0,0,0,0,1,0,0,0,0,0,0,1,0,0,0,0,0,0,0,0,0,0,0,0,0,0,1,0,0,0,2,28.73,35.28,10.25,5.95,16.72,6.24,36.9,67.68,24.14,65.51,24.24,10.25,98.64,0.86,8.51,8.51,0.18,65.41,0.1,0.06,0.96,7.05,15.29,0.43,0.45,2.05,0.12,0.33,7.55,0.01,0.18,0,0,0,0,0,0,0,0,1,1,0,0,0,0
